Date time; DT#2024-02-23-06:49:43
Powerlink time; -183519276; µs
Channel; 1
Sampling frequency; 1000; Hz
Rotation speed; 0; s-1

Time [s]; Acceleration [mg]
0; -4.52995
0.001; -15.6641
0.002; -10.7765
0.003; -8.61883
0.004; -2.37227
0.005; -11.9686
0.006; -5.94854
0.007; 0
0.008; -7.42674
0.009; -13.3395
0.01; -11.2414
0.011; -7.4029
0.012; -6.05583
0.013; -13.6018
0.014; -9.13143
0.015; -7.27177
0.016; -5.05447
0.017; -9.63211
0.018; -9.17912
0.019; 0.0596047
0.02; -0.572205
0.021; -10.0255
0.022; -8.04663
0.023; -4.18425
0.024; -9.87053
0.025; -13.3038
0.026; -11.3487
0.027; -6.7234
0.028; -8.16584
0.029; -8.03471
0.03; -9.97782
0.031; -1.87159
0.032; -6.90222
0.033; -12.6243
0.034; -10.8123
0.035; -2.99215
0.036; -3.51667
0.037; -11.754
0.038; -9.799
0.039; -2.26498
0.04; -3.92199
0.041; -5.75781
0.042; -5.24521
0.043; 3.89814
0.044; -0.810623
0.045; -5.56707
0.046; -9.66787
0.047; -7.99894
0.048; -7.60555
0.049; -12.1713
0.05; -10.0255
0.051; -4.68493
0.052; -6.42538
0.053; -7.64132
0.054; -8.51154
0.055; -1.87159
0.056; -6.58035
0.057; -15.8072
0.058; -10.1089
0.059; -6.27041
0.06; -11.4083
0.061; -16.9754
0.062; -11.4322
0.063; -5.40018
0.064; -12.5408
0.065; -10.8361
0.066; -11.3964
0.067; -4.26769
0.068; -12.3382
0.069; -14.9131
0.07; -14.8416
0.071; -10.1328
0.072; -11.7183
0.073; -20.8378
0.074; -12.9819
0.075; -8.45194
0.076; -12.6958
0.077; -13.1607
0.078; -7.41482
0.079; -4.44651
0.08; -9.66787
0.081; -12.1593
0.082; -10.2401
0.083; -10.9911
0.084; -16.7608
0.085; -17.5357
0.086; -15.4495
0.087; -8.09431
0.088; -8.142
0.089; -12.2547
0.09; -5.00679
0.091; -3.0756
0.092; -6.58035
0.093; -15.6283
0.094; -9.44138
0.095; -6.54459
0.096; -12.207
0.097; -15.3542
0.098; -12.3739
0.099; -5.59092
0.1; -10.5023
0.101; -10.86
0.102; -4.64916
0.103; -7.71284
0.104; -11.1461
0.105; -12.5051
0.106; -16.0694
0.107; -8.13007
0.108; -17.0589
0.109; -18.5847
0.11; -11.1699
0.111; -5.94854
0.112; -12.4574
0.113; -10.8838
0.114; -5.80549
0.115; -5.17368
0.116; -13.9952
0.117; -10.8957
0.118; -8.61883
0.119; -7.05719
0.12; -15.5211
0.121; -15.6403
0.122; -17.5834
0.123; -6.27041
0.124; -8.57115
0.125; -11.5752
0.126; -2.14577
0.127; -1.14441
0.128; -7.82013
0.129; -8.13007
0.13; -7.05719
0.131; -3.57628
0.132; -11.6229
0.133; -11.3606
0.134; -5.96047
0.135; -4.39882
0.136; -6.98567
0.137; -5.65052
0.138; -1.77622
0.139; -2.53916
0.14; -8.18968
0.141; -8.7738
0.142; -5.04255
0.143; -6.24657
0.144; -10.2639
0.145; -13.5779
0.146; -9.39369
0.147; -4.60148
0.148; -4.12464
0.149; -9.6798
0.15; 1.49012
0.151; -3.14713
0.152; -9.40561
0.153; -7.53403
0.154; -4.3273
0.155; -8.72612
0.156; -10.4308
0.157; -7.05719
0.158; -9.04799
0.159; -11.003
0.16; -8.54731
0.161; -8.33273
0.162; -0.0596047
0.163; -5.14984
0.164; -11.8017
0.165; -7.99894
0.166; -6.38962
0.167; -6.34194
0.168; -14.77
0.169; -10.8004
0.17; -3.91007
0.171; -9.39369
0.172; -9.97782
0.173; -5.29289
0.174; 0.548363
0.175; -6.58035
0.176; -10.2401
0.177; -8.79765
0.178; -9.48906
0.179; -11.3606
0.18; -15.4376
0.181; -13.0534
0.182; -10.5262
0.183; -8.73804
0.184; -11.4918
0.185; -6.6042
0.186; -2.25306
0.187; -10.3116
0.188; -12.2905
0.189; -9.85861
0.19; -6.59227
0.191; -11.5037
0.192; -16.1886
0.193; -11.1699
0.194; -6.31809
0.195; -12.362
0.196; -12.97
0.197; -10.2162
0.198; -4.18425
0.199; -9.91821
0.2; -12.0759
0.201; -11.766
0.202; -8.63075
0.203; -13.6137
0.204; -15.3899
0.205; -13.6137
0.206; -7.89166
0.207; -12.7912
0.208; -12.7196
0.209; -6.40154
0.21; -6.00815
0.211; -15.1753
0.212; -13.7925
0.213; -13.7448
0.214; -10.3712
0.215; -17.5476
0.216; -16.0575
0.217; -16.1767
0.218; -11.5633
0.219; -11.5871
0.22; -14.2932
0.221; -8.2016
0.222; -6.16312
0.223; -9.81093
0.224; -12.8269
0.225; -12.66
0.226; -9.15527
0.227; -16.5224
0.228; -16.3794
0.229; -13.3753
0.23; -9.07183
0.231; -10.4666
0.232; -8.69036
0.233; -3.95775
0.234; -7.16448
0.235; -10.3235
0.236; -9.6798
0.237; -9.6798
0.238; -7.72476
0.239; -11.1699
0.24; -13.566
0.241; -12.3978
0.242; -6.30617
0.243; -9.9659
0.244; -10.0613
0.245; -2.8491
0.246; -6.35386
0.247; -11.6706
0.248; -11.2653
0.249; -6.62804
0.25; -11.3726
0.251; -8.15392
0.252; -8.44002
0.253; -11.0269
0.254; -7.16448
0.255; -6.59227
0.256; -8.16584
0.257; -2.0504
0.258; -4.37498
0.259; -7.41482
0.26; -7.67708
0.261; -6.12736
0.262; -5.6982
0.263; -11.9805
0.264; -10.2162
0.265; -7.82013
0.266; -6.05583
0.267; -5.43594
0.268; -4.60148
0.269; 0.703335
0.27; -6.91414
0.271; -8.142
0.272; -8.29697
0.273; -8.32081
0.274; -7.84397
0.275; -11.8971
0.276; -9.93014
0.277; -9.58443
0.278; -9.44138
0.279; -7.35521
0.28; -8.30889
0.281; -0.917912
0.282; -3.17097
0.283; -10.1805
0.284; -5.84126
0.285; -6.6638
0.286; -6.38962
0.287; -12.2786
0.288; -6.28233
0.289; -2.43187
0.29; -5.68628
0.291; -6.48499
0.292; -4.33922
0.293; -2.45571
0.294; -7.36714
0.295; -10.2758
0.296; -7.53403
0.297; -9.46522
0.298; -10.3951
0.299; -18.0006
0.3; -9.66787
0.301; -6.74725
0.302; -11.9448
0.303; -9.9659
0.304; -5.75781
0.305; -2.40803
0.306; -9.04799
0.307; -11.8017
0.308; -10.2401
0.309; -7.6294
0.31; -11.313
0.311; -14.7104
0.312; -14.4124
0.313; -10.705
0.314; -9.87053
0.315; -11.7421
0.316; -10.8123
0.317; -4.11272
0.318; -11.7421
0.319; -11.9805
0.32; -12.6958
0.321; -10.6096
0.322; -17.7622
0.323; -14.782
0.324; -12.6719
0.325; -9.01222
0.326; -12.362
0.327; -9.48906
0.328; -12.219
0.329; -8.49962
0.33; -12.5647
0.331; -14.019
0.332; -15.986
0.333; -8.61883
0.334; -15.6283
0.335; -19.8245
0.336; -15.974
0.337; -6.04391
0.338; -13.0415
0.339; -9.25064
0.34; -5.80549
0.341; -5.22137
0.342; -9.66787
0.343; -14.2932
0.344; -12.2428
0.345; -10.9673
0.346; -14.5674
0.347; -13.9236
0.348; -11.6229
0.349; -7.96318
0.35; -11.3249
0.351; -13.7091
0.352; -4.88758
0.353; -5.97239
0.354; -9.41753
0.355; -10.1209
0.356; -7.00951
0.357; -5.71013
0.358; -14.5912
0.359; -18.7993
0.36; -14.2217
0.361; -7.93934
0.362; -9.38177
0.363; -10.6096
0.364; -3.03984
0.365; -5.76973
0.366; -9.60827
0.367; -10.9196
0.368; -11.2176
0.369; -7.236
0.37; -12.8388
0.371; -14.3051
0.372; -9.54867
0.373; -2.69413
0.374; -6.9499
0.375; -9.2268
0.376; -1.43051
0.377; -5.48363
0.378; -11.6467
0.379; -10.6215
0.38; -5.67436
0.381; -9.11951
0.382; -12.5051
0.383; -11.4083
0.384; -12.0401
0.385; -4.02927
0.386; -5.85318
0.387; -5.6982
0.388; 2.61068
0.389; 0.0476837
0.39; -5.16176
0.391; -6.10352
0.392; -4.13656
0.393; -1.81198
0.394; -9.91821
0.395; -7.58171
0.396; -4.99487
0.397; -6.36578
0.398; -4.95911
0.399; -5.11408
0.4; -2.01464
0.401; -3.60012
0.402; -7.70092
0.403; -7.79629
0.404; -4.6134
0.405; -7.82013
0.406; -13.6018
0.407; -11.3964
0.408; -8.74996
0.409; -5.85318
0.41; -10.0255
0.411; -6.81877
0.412; 2.89679
0.413; -6.80685
0.414; -10.0374
0.415; -6.33001
0.416; -8.03471
0.417; -9.10759
0.418; -15.5926
0.419; -11.2653
0.42; -10.2997
0.421; -7.689
0.422; -8.98838
0.423; -5.8651
0.424; -0.572205
0.425; -9.36985
0.426; -11.5871
0.427; -11.5871
0.428; -6.62804
0.429; -8.51154
0.43; -13.0057
0.431; -9.5129
0.432; -3.91007
0.433; -13.2442
0.434; -10.1089
0.435; -7.54595
0.436; -3.76701
0.437; -10.3951
0.438; -10.2162
0.439; -10.6573
0.44; -7.73668
0.441; -17.3211
0.442; -16.439
0.443; -16.6178
0.444; -9.05991
0.445; -10.0613
0.446; -10.55
0.447; -8.60691
0.448; -2.99215
0.449; -7.65324
0.45; -10.3593
0.451; -9.62019
0.452; -6.86646
0.453; -15.8072
0.454; -14.5435
0.455; -14.4482
0.456; -12.3501
0.457; -12.8031
0.458; -13.8164
0.459; -8.64267
0.46; -7.84397
0.461; -11.0507
0.462; -15.7118
0.463; -12.9104
0.464; -10.9315
0.465; -14.782
0.466; -15.3899
0.467; -13.0892
0.468; -5.6386
0.469; -10.2758
0.47; -10.5143
0.471; -5.67436
0.472; -10.86
0.473; -10.407
0.474; -13.7329
0.475; -10.9434
0.476; -9.38177
0.477; -13.5064
0.478; -16.0456
0.479; -15.9383
0.48; -10.252
0.481; -9.75132
0.482; -11.7421
0.483; -3.80278
0.484; -2.74181
0.485; -9.48906
0.486; -8.41618
0.487; -6.11544
0.488; -9.20296
0.489; -12.9938
0.49; -13.8402
0.491; -11.2295
0.492; -10.0493
0.493; -10.8361
0.494; -9.9659
0.495; -8.15392
0.496; -7.36714
0.497; -7.60555
0.498; -9.05991
0.499; -6.1512
0.5; -6.47307
0.501; -10.3951
0.502; -6.27041
0.503; -8.13007
0.504; -3.016
0.505; -4.6134
0.506; -1.16825
0.507; 1.69277
0.508; -3.3021
0.509; -9.84669
0.51; -6.30617
0.511; -6.05583
0.512; -9.77516
0.513; -11.0984
0.514; -7.14064
0.515; -6.65188
0.516; -7.05719
0.517; -5.93662
0.518; -7.34329
0.519; 0.631809
0.52; -3.06368
0.521; -7.67708
0.522; -4.51803
0.523; -4.54187
0.524; -7.89166
0.525; -12.9938
0.526; -8.34465
0.527; -6.42538
0.528; -10.4904
0.529; -7.02143
0.53; -7.05719
0.531; -3.21865
0.532; -5.96047
0.533; -10.7765
0.534; -7.64132
0.535; -3.68357
0.536; -4.49419
0.537; -11.0865
0.538; -8.64267
0.539; -4.86374
0.54; -7.85589
0.541; -7.83205
0.542; -6.99759
0.543; 2.99215
0.544; -4.60148
0.545; -12.0044
0.546; -7.12872
0.547; -9.5129
0.548; -9.63211
0.549; -14.0429
0.55; -12.8269
0.551; -5.94854
0.552; -7.36714
0.553; -6.67572
0.554; -5.126
0.555; -2.76566
0.556; -9.27448
0.557; -13.6375
0.558; -13.9117
0.559; -6.6042
0.56; -11.8375
0.561; -20.6232
0.562; -10.6812
0.563; -5.91278
0.564; -13.4349
0.565; -10.6573
0.566; -8.91686
0.567; -2.70605
0.568; -11.2891
0.569; -14.5197
0.57; -13.6852
0.571; -10.3116
0.572; -13.2918
0.573; -16.8324
0.574; -12.1355
0.575; -10.2401
0.576; -10.1328
0.577; -13.8283
0.578; -7.82013
0.579; -3.11136
0.58; -9.0003
0.581; -9.60827
0.582; -8.7142
0.583; -7.00951
0.584; -17.2257
0.585; -17.6549
0.586; -12.1355
0.587; -5.6982
0.588; -10.2401
0.589; -11.8256
0.59; -6.00815
0.591; -6.05583
0.592; -11.9448
0.593; -13.566
0.594; -12.815
0.595; -6.50883
0.596; -13.423
0.597; -19.9318
0.598; -12.9223
0.599; -5.126
0.6; -12.66
0.601; -9.2268
0.602; -3.89814
0.603; -4.43459
0.604; -9.52482
0.605; -9.58443
0.606; -10.55
0.607; -6.65188
0.608; -16.3794
0.609; -14.0309
0.61; -12.7554
0.611; -0.548363
0.612; -8.09431
0.613; -11.1222
0.614; -1.39475
0.615; -2.52724
0.616; -8.90493
0.617; -10.252
0.618; -4.63724
0.619; -1.60933
0.62; -13.9236
0.621; -14.1859
0.622; -12.1593
0.623; -4.73261
0.624; -8.46386
0.625; -7.43866
0.626; -2.70605
0.627; -2.77758
0.628; -7.77245
0.629; -10.5023
0.63; -4.07696
0.631; -2.80142
0.632; -9.39369
0.633; -9.94206
0.634; -6.29425
0.635; -1.34707
0.636; -5.19753
0.637; -6.46114
0.638; 3.3021
0.639; -2.46763
0.64; -10.2639
0.641; -11.7779
0.642; -6.27041
0.643; -5.579
0.644; -11.2772
0.645; -13.5422
0.646; -7.82013
0.647; -6.6042
0.648; -6.74725
0.649; -5.38826
0.65; 3.32594
0.651; -0.345707
0.652; -7.52211
0.653; -9.27448
0.654; -5.59092
0.655; -8.34465
0.656; -14.77
0.657; -12.6123
0.658; -7.15256
0.659; -11.1818
0.66; -8.35657
0.661; -8.45194
0.662; -2.65837
0.663; -5.79357
0.664; -10.55
0.665; -8.09431
0.666; -6.61612
0.667; -6.05583
0.668; -13.268
0.669; -11.0984
0.67; -8.51154
0.671; -7.98702
0.672; -10.5023
0.673; -7.66516
0.674; 0.846386
0.675; -5.36442
0.676; -12.8627
0.677; -9.47714
0.678; -9.34601
0.679; -11.3487
0.68; -16.8681
0.681; -14.1859
0.682; -8.58307
0.683; -11.1818
0.684; -11.5871
0.685; -7.9751
0.686; -3.92199
0.687; -4.87566
0.688; -13.3395
0.689; -10.4189
0.69; -7.84397
0.691; -11.0865
0.692; -17.2019
0.693; -7.6294
0.694; -7.7486
0.695; -14.77
0.696; -12.4216
0.697; -9.69172
0.698; -5.74589
0.699; -9.76324
0.7; -14.4959
0.701; -12.219
0.702; -9.7394
0.703; -16.1052
0.704; -18.1198
0.705; -14.5435
0.706; -6.05583
0.707; -11.7421
0.708; -14.4124
0.709; -7.42674
0.71; -4.66108
0.711; -10.6096
0.712; -13.1726
0.713; -10.4308
0.714; -6.81877
0.715; -13.7329
0.716; -15.8787
0.717; -11.611
0.718; -6.56843
0.719; -11.1818
0.72; -10.1209
0.721; -7.55787
0.722; -3.38554
0.723; -10.0017
0.724; -9.54867
0.725; -10.86
0.726; -0.548363
0.727; -12.7912
0.728; -16.2363
0.729; -10.6454
0.73; -2.76566
0.731; -8.15392
0.732; -11.0626
0.733; -2.67029
0.734; -0.119209
0.735; -9.09567
0.736; -9.47714
0.737; -8.09431
0.738; -6.24657
0.739; -12.4693
0.74; -13.0177
0.741; -12.6719
0.742; -3.8147
0.743; -7.05719
0.744; -8.7142
0.745; -2.94447
0.746; -1.34707
0.747; -8.53539
0.748; -9.07183
0.749; -3.86238
0.75; -3.99351
0.751; -13.4826
0.752; -13.1726
0.753; -9.70364
0.754; -5.56707
0.755; -9.07183
0.756; -6.96182
0.757; 0.154972
0.758; -5.07832
0.759; -8.32081
0.76; -13.1607
0.761; -3.71933
0.762; -2.88487
0.763; -9.81093
0.764; -8.83341
0.765; -4.73261
0.766; -3.26634
0.767; -5.40018
0.768; -7.31945
0.769; 0.798702
0.77; -2.47955
0.771; -3.88622
0.772; -5.6982
0.773; -3.77893
0.774; -4.50611
0.775; -7.42674
0.776; -10.0255
0.777; -7.82013
0.778; -5.29289
0.779; -8.15392
0.78; -7.08103
0.781; -0.0953674
0.782; -4.42267
0.783; -13.2322
0.784; -12.6839
0.785; -5.80549
0.786; -8.2016
0.787; -14.9012
0.788; -10.5262
0.789; -8.36849
0.79; -7.56979
0.791; -8.03471
0.792; -7.67708
0.793; -3.15905
0.794; -3.99351
0.795; -10.1209
0.796; -11.2891
0.797; -10.9434
0.798; -6.83069
0.799; -16.9396
0.8; -13.9236
0.801; -8.01087
0.802; -10.0136
0.803; -14.0429
0.804; -10.5739
0.805; -4.23193
0.806; -9.87053
0.807; -16.2005
0.808; -10.252
0.809; -8.55923
0.81; -13.3872
0.811; -17.1781
0.812; -13.876
0.813; -6.11544
0.814; -11.8256
0.815; -10.705
0.816; -12.3858
0.817; -3.61204
0.818; -10.6812
0.819; -15.8191
0.82; -15.4138
0.821; -5.55515
0.822; -11.003
0.823; -16.4032
0.824; -10.2162
0.825; -7.39098
0.826; -14.6747
0.827; -10.9673
0.828; -6.3777
0.829; -2.99215
0.83; -11.2653
0.831; -11.2534
0.832; -12.3501
0.833; -11.8732
0.834; -19.6576
0.835; -20.2417
0.836; -15.2946
0.837; -4.44651
0.838; -9.05991
0.839; -12.7316
0.84; -4.68493
0.841; -1.65701
0.842; -10.6573
0.843; -14.4124
0.844; -9.44138
0.845; -8.44002
0.846; -12.4574
0.847; -17.3211
0.848; -14.3886
0.849; -6.12736
0.85; -12.4097
0.851; -12.1236
0.852; -6.46114
0.853; -4.73261
0.854; -7.93934
0.855; -11.313
0.856; -9.58443
0.857; -3.34978
0.858; -12.8508
0.859; -14.3647
0.86; -8.97646
0.861; -3.3021
0.862; -7.98702
0.863; -12.3739
0.864; -5.6386
0.865; -3.61204
0.866; -11.0865
0.867; -11.0865
0.868; -6.71148
0.869; -2.07424
0.87; -8.92878
0.871; -14.7343
0.872; -12.4455
0.873; 1.38283
0.874; -4.5538
0.875; -6.81877
0.876; 3.85046
0.877; 3.27826
0.878; -4.6134
0.879; -6.81877
0.88; -4.45843
0.881; -3.67165
0.882; -12.1832
0.883; -10.8719
0.884; -8.44002
0.885; -6.77109
0.886; -7.73668
0.887; -7.47442
0.888; -2.07424
0.889; -1.33514
0.89; -9.89437
0.891; -9.57251
0.892; -5.32866
0.893; -6.49691
0.894; -14.7104
0.895; -14.5555
0.896; -8.11815
0.897; -4.87566
0.898; -7.37906
0.899; -7.09295
0.9; -1.8239
0.901; -5.6386
0.902; -10.0136
0.903; -9.38177
0.904; -7.04527
0.905; -8.34465
0.906; -10.6692
0.907; -9.5129
0.908; -10.8361
0.909; -9.87053
0.91; -9.65595
0.911; -8.97646
0.912; -1.20401
0.913; -4.35114
0.914; -8.33273
0.915; -7.79629
0.916; -8.03471
0.917; -8.66652
0.918; -17.8814
0.919; -12.7792
0.92; -10.4189
0.921; -13.1607
0.922; -9.83477
0.923; -11.6467
0.924; -4.33922
0.925; -8.78573
0.926; -11.8613
0.927; -12.0759
0.928; -9.98974
0.929; -10.705
0.93; -13.3395
0.931; -14.4362
0.932; -8.29697
0.933; -11.5156
0.934; -10.0732
0.935; -4.70877
0.936; 0.5126
0.937; -9.60827
0.938; -10.3235
0.939; -12.9819
0.94; -8.96454
0.941; -15.0323
0.942; -17.7383
0.943; -13.5422
0.944; -5.45979
0.945; -12.6243
0.946; -12.3143
0.947; -13.0177
0.948; -4.44651
0.949; -12.0282
0.95; -14.9608
0.951; -12.219
0.952; -9.94206
0.953; -15.0204
0.954; -20.4921
0.955; -16.2959
0.956; -10.6454
0.957; -16.4509
0.958; -12.8031
0.959; -6.63996
0.96; -4.76837
0.961; -6.23465
0.962; -7.78437
0.963; -5.93662
0.964; -4.91142
0.965; -10.6812
0.966; -14.329
0.967; -11.909
0.968; -8.74996
0.969; -12.0997
0.97; -18.9185
0.971; -5.98431
0.972; -6.12736
0.973; -9.59635
0.974; -10.8242
0.975; -9.10759
0.976; -5.01871
0.977; -10.0732
0.978; -13.4707
0.979; -8.92878
0.98; -4.81606
0.981; -7.43866
0.982; -10.1209
0.983; -3.79086
0.984; -5.71013
0.985; -10.5023
0.986; -11.4083
0.987; -8.16584
0.988; -2.39611
0.989; -10.3831
0.99; -10.4189
0.991; -9.44138
0.992; 0.393391
0.993; -6.47307
0.994; -4.48227
0.995; 0.0715256
0.996; -0.369549
0.997; -8.07047
0.998; -7.4029
0.999; -6.10352
1; -4.29153
1.001; -10.4785
1.002; -11.5871
1.003; -10.4547
1.004; -4.1604
1.005; -8.05855
1.006; -11.8732
1.007; 0.941754
1.008; -3.45707
1.009; -8.27313
1.01; -7.4625
1.011; -5.74589
1.012; -4.56572
1.013; -15.7475
1.014; -11.4083
1.015; -9.71556
1.016; -7.59363
1.017; -7.56979
1.018; -6.59227
1.019; -2.72989
1.02; -5.42402
1.021; -10.0613
1.022; -16.3317
1.023; -7.61747
1.024; -5.71013
1.025; -10.252
1.026; -6.17504
1.027; -4.60148
1.028; -4.08888
1.029; -7.71284
1.03; -6.69956
1.031; -2.0504
1.032; -6.55651
1.033; -10.6931
1.034; -8.41618
1.035; -7.76053
1.036; -9.6798
1.037; -13.8402
1.038; -13.1607
1.039; -7.30753
1.04; -8.63075
1.041; -11.1699
1.042; -8.96454
1.043; -1.09673
1.044; -8.05855
1.045; -12.8627
1.046; -12.0163
1.047; -7.90358
1.048; -11.313
1.049; -15.0085
1.05; -14.5316
1.051; -11.003
1.052; -13.423
1.053; -12.3143
1.054; -13.411
1.055; -6.30617
1.056; -10.5023
1.057; -13.8998
1.058; -14.9369
1.059; -9.78708
1.06; -11.1103
1.061; -14.1382
1.062; -13.3872
1.063; -7.98702
1.064; -8.23736
1.065; -10.0851
1.066; -6.78301
1.067; -1.89543
1.068; -10.6692
1.069; -15.8906
1.07; -12.7673
1.071; -11.0507
1.072; -14.8773
1.073; -20.0272
1.074; -17.5953
1.075; -6.73533
1.076; -12.97
1.077; -14.3528
1.078; -9.52482
1.079; -7.49827
1.08; -8.05855
1.081; -13.4945
1.082; -9.02414
1.083; -6.7234
1.084; -10.2162
1.085; -12.5527
1.086; -7.35521
1.087; -4.30346
1.088; -11.9925
1.089; -10.5023
1.09; -5.51939
1.091; -2.92063
1.092; -10.4666
1.093; -10.3474
1.094; -7.14064
1.095; -6.98567
1.096; -12.1713
1.097; -18.3463
1.098; -11.3964
1.099; -2.45571
1.1; -9.41753
1.101; -9.5129
1.102; -2.45571
1.103; -3.80278
1.104; -9.23872
1.105; -12.6243
1.106; -7.89166
1.107; -3.96967
1.108; -11.0507
1.109; -11.2057
1.11; -10.0493
1.111; -1.9908
1.112; -5.29289
1.113; -7.89166
1.114; -0.786781
1.115; -0.119209
1.116; -7.16448
1.117; -6.78301
1.118; -7.18832
1.119; -3.79086
1.12; -14.0667
1.121; -12.4455
1.122; -8.16584
1.123; 0.441074
1.124; -4.79221
1.125; -8.7738
1.126; 2.13385
1.127; 0.452995
1.128; -6.1512
1.129; -7.79629
1.13; -5.79357
1.131; -1.70469
1.132; -7.7486
1.133; -10.1924
1.134; -9.09567
1.135; -4.92334
1.136; -8.30889
1.137; -11.4441
1.138; 1.14441
1.139; -6.30617
1.14; -9.14335
1.141; -7.21216
1.142; -4.45843
1.143; -3.8743
1.144; -12.0997
1.145; -8.85725
1.146; -4.63724
1.147; -5.67436
1.148; -5.82934
1.149; -6.54459
1.15; -2.14577
1.151; -3.18289
1.152; -11.5871
1.153; -15.9502
1.154; -9.27448
1.155; -10.9911
1.156; -16.3436
1.157; -14.8058
1.158; -12.2786
1.159; -10.4547
1.16; -14.2813
1.161; -11.2891
1.162; -2.94447
1.163; -8.11815
1.164; -10.0851
1.165; -12.3978
1.166; -11.1222
1.167; -7.16448
1.168; -16.4509
1.169; -12.8865
1.17; -8.67844
1.171; -8.07047
1.172; -11.7898
1.173; -9.91821
1.174; -0.596047
1.175; -9.27448
1.176; -14.9488
1.177; -12.7912
1.178; -9.0003
1.179; -9.89437
1.18; -15.1992
1.181; -10.7765
1.182; -7.48634
1.183; -9.72748
1.184; -10.6931
1.185; -9.44138
1.186; -4.75645
1.187; -7.78437
1.188; -11.4203
1.189; -10.5262
1.19; -6.62804
1.191; -16.2482
1.192; -18.394
1.193; -16.4151
1.194; -10.4427
1.195; -15.1038
1.196; -14.1382
1.197; -6.73533
1.198; -6.1512
1.199; -12.0044
1.2; -11.8256
1.201; -13.8879
1.202; -12.7435
1.203; -15.6522
1.204; -14.8058
1.205; -13.9952
1.206; -9.33409
1.207; -12.3024
1.208; -12.2786
1.209; -6.27041
1.21; -3.23057
1.211; -6.86646
1.212; -9.1672
1.213; -6.42538
1.214; -4.41074
1.215; -13.4468
1.216; -12.4812
1.217; -12.0401
1.218; -6.05583
1.219; -9.83477
1.22; -6.52075
1.221; -5.90086
1.222; -5.79357
1.223; -7.10487
1.224; -9.15527
1.225; -6.74725
1.226; -3.11136
1.227; -10.407
1.228; -12.1355
1.229; -8.9407
1.23; -2.16961
1.231; -9.38177
1.232; -6.74725
1.233; -0.560284
1.234; -4.33922
1.235; -9.6798
1.236; -7.65324
1.237; -5.04255
1.238; -3.00407
1.239; -9.17912
1.24; -10.1209
1.241; -6.90222
1.242; -3.40939
1.243; -6.00815
1.244; -8.02279
1.245; -1.96695
1.246; -1.39475
1.247; -7.18832
1.248; -10.5619
1.249; -5.00679
1.25; -7.7486
1.251; -11.6944
1.252; -10.7408
1.253; -7.93934
1.254; -3.15905
1.255; -7.34329
1.256; -6.04391
1.257; 2.36034
1.258; -4.36306
1.259; -9.95398
1.26; -9.64403
1.261; -3.95775
1.262; -5.04255
1.263; -7.98702
1.264; -11.456
1.265; -4.58956
1.266; -5.0664
1.267; -7.78437
1.268; -8.74996
1.269; 0.0953674
1.27; -5.78165
1.271; -10.6931
1.272; -8.23736
1.273; -6.4373
1.274; -8.13007
1.275; -13.2084
1.276; -9.47714
1.277; -9.26256
1.278; -7.77245
1.279; -7.22408
1.28; -9.25064
1.281; -3.02792
1.282; -3.8743
1.283; -16.5939
1.284; -11.5633
1.285; -7.236
1.286; -7.1168
1.287; -16.2005
1.288; -12.9104
1.289; -9.35793
1.29; -10.2997
1.291; -14.1501
1.292; -9.11951
1.293; -3.24249
1.294; -6.58035
1.295; -12.4574
1.296; -12.3501
1.297; -16.8681
1.298; -8.6546
1.299; -17.5357
1.3; -14.7462
1.301; -9.82285
1.302; -10.0136
1.303; -9.38177
1.304; -9.10759
1.305; -5.78165
1.306; -10.1805
1.307; -13.8402
1.308; -12.9104
1.309; -8.35657
1.31; -15.1634
1.311; -17.4165
1.312; -13.0415
1.313; -9.02414
1.314; -11.7779
1.315; -9.72748
1.316; -14.2455
1.317; -2.12193
1.318; -8.47578
1.319; -16.7489
1.32; -12.9104
1.321; -9.94206
1.322; -12.5408
1.323; -13.5899
1.324; -8.63075
1.325; -4.87566
1.326; -11.2653
1.327; -8.6546
1.328; -7.03335
1.329; -3.76701
1.33; -11.9448
1.331; -9.58443
1.332; -14.7343
1.333; -8.78573
1.334; -14.5197
1.335; -18.0125
1.336; -12.4693
1.337; -3.08752
1.338; -9.15527
1.339; -7.55787
1.34; -2.57492
1.341; 0
1.342; -6.62804
1.343; -11.6229
1.344; -8.08239
1.345; -3.51667
1.346; -10.8123
1.347; -10.7765
1.348; -9.07183
1.349; -5.42402
1.35; -7.82013
1.351; -6.99759
1.352; -0.584126
1.353; 0.38147
1.354; -7.1764
1.355; -6.50883
1.356; -8.97646
1.357; -4.24385
1.358; -13.3991
1.359; -14.3766
1.36; -9.7394
1.361; 0.369549
1.362; -5.79357
1.363; -5.09024
1.364; 4.45843
1.365; -1.50204
1.366; -4.00543
1.367; -8.17776
1.368; -2.81334
1.369; -3.06368
1.37; -10.5143
1.371; -10.55
1.372; -8.80957
1.373; -7.30753
1.374; -8.17776
1.375; -8.79765
1.376; -1.60933
1.377; -3.29018
1.378; -10.3235
1.379; -10.0136
1.38; -4.92334
1.381; -5.76973
1.382; -8.11815
1.383; -10.7884
1.384; -8.45194
1.385; 0.977516
1.386; -2.32458
1.387; -2.89679
1.388; 3.38554
1.389; -2.74181
1.39; -6.22273
1.391; -10.6454
1.392; -6.46114
1.393; -6.77109
1.394; -11.3606
1.395; -12.1355
1.396; -9.90629
1.397; -8.83341
1.398; -10.1209
1.399; -7.7486
1.4; -0.357628
1.401; 0.751019
1.402; -9.1672
1.403; -5.97239
1.404; -4.76837
1.405; -6.1512
1.406; -14.4243
1.407; -13.3038
1.408; -10.0613
1.409; -9.85861
1.41; -11.3726
1.411; -11.8136
1.412; -5.3525
1.413; -8.90493
1.414; -15.974
1.415; -12.5885
1.416; -12.3024
1.417; -11.456
1.418; -16.892
1.419; -13.1965
1.42; -11.1341
1.421; -9.4533
1.422; -9.95398
1.423; -8.16584
1.424; -2.82526
1.425; -10.1447
1.426; -13.6614
1.427; -12.517
1.428; -11.7183
1.429; -11.8852
1.43; -18.1198
1.431; -16.3317
1.432; -8.96454
1.433; -15.3661
1.434; -10.6335
1.435; -10.848
1.436; -1.62125
1.437; -7.48634
1.438; -10.848
1.439; -7.99894
1.44; -9.78708
1.441; -14.4243
1.442; -13.5899
1.443; -13.2799
1.444; -8.46386
1.445; -11.8136
1.446; -9.98974
1.447; -10.2043
1.448; -5.51939
1.449; -9.15527
1.45; -9.97782
1.451; -9.82285
1.452; -5.10216
1.453; -10.3951
1.454; -15.9621
1.455; -10.6454
1.456; -7.22408
1.457; -10.1089
1.458; -11.0388
1.459; -3.91007
1.46; -3.02792
1.461; -9.5129
1.462; -9.66787
1.463; -10.9792
1.464; -10.4666
1.465; -11.8613
1.466; -14.3886
1.467; -9.0003
1.468; -5.99623
1.469; -6.97374
1.47; -5.93662
1.471; -3.20673
1.472; -3.48091
1.473; -6.71148
1.474; -9.13143
1.475; -5.29289
1.476; -1.14441
1.477; -9.1672
1.478; -10.4785
1.479; -9.15527
1.48; -3.99351
1.481; -9.48906
1.482; -9.42946
1.483; -2.63453
1.484; 0.393391
1.485; -6.07967
1.486; -4.99487
1.487; -4.18425
1.488; -0.834465
1.489; -7.85589
1.49; -8.4281
1.491; -5.76973
1.492; 0.584126
1.493; -3.82662
1.494; -6.54459
1.495; -0.333786
1.496; -4.50611
1.497; -7.25985
1.498; -5.4121
1.499; -5.71013
1.5; -3.56436
1.501; -10.86
1.502; -9.42946
1.503; -9.7394
1.504; -3.05176
1.505; -7.08103
1.506; -6.78301
1.507; 0.89407
1.508; -2.31266
1.509; -10.7169
1.51; -13.2442
1.511; -7.52211
1.512; -9.0003
1.513; -14.8535
1.514; -9.71556
1.515; -7.53403
1.516; -8.17776
1.517; -8.80957
1.518; -9.10759
1.519; -2.09808
1.52; -6.68764
1.521; -9.31025
1.522; -8.27313
1.523; -4.18425
1.524; -4.39882
1.525; -10.7527
1.526; -8.86917
1.527; -7.43866
1.528; -6.8903
1.529; -9.83477
1.53; -8.39233
1.531; -1.21593
1.532; -9.27448
1.533; -11.2891
1.534; -10.0136
1.535; -7.30753
1.536; -10.5381
1.537; -14.5078
1.538; -11.9686
1.539; -11.6587
1.54; -9.34601
1.541; -8.4281
1.542; -10.4904
1.543; -1.04904
1.544; -7.84397
1.545; -14.7104
1.546; -14.5674
1.547; -12.66
1.548; -12.97
1.549; -13.1965
1.55; -13.876
1.551; -12.1355
1.552; -11.754
1.553; -10.0374
1.554; -8.09431
1.555; -5.23329
1.556; -9.47714
1.557; -12.3978
1.558; -12.0997
1.559; -7.59363
1.56; -13.1607
1.561; -18.5132
1.562; -14.3886
1.563; -6.46114
1.564; -10.8957
1.565; -12.4812
1.566; -9.41753
1.567; -4.5538
1.568; -8.16584
1.569; -18.239
1.57; -13.3991
1.571; -11.4799
1.572; -13.7329
1.573; -13.4945
1.574; -11.2414
1.575; -10.2282
1.576; -11.5514
1.577; -11.8613
1.578; -7.08103
1.579; -3.06368
1.58; -6.81877
1.581; -9.39369
1.582; -8.45194
1.583; -3.39747
1.584; -11.301
1.585; -16.8085
1.586; -9.14335
1.587; -1.5378
1.588; -13.3753
1.589; -11.8136
1.59; -3.25441
1.591; -5.51939
1.592; -8.78573
1.593; -12.815
1.594; -11.456
1.595; -4.29153
1.596; -9.10759
1.597; -12.219
1.598; -9.98974
1.599; -0.38147
1.6; -7.02143
1.601; -2.89679
1.602; 0.619888
1.603; 2.28882
1.604; -6.10352
1.605; -7.64132
1.606; -6.62804
1.607; -2.5034
1.608; -15.0323
1.609; -12.5527
1.61; -11.4918
1.611; -2.40803
1.612; -6.65188
1.613; -9.5129
1.614; 0.0834465
1.615; 1.57356
1.616; -6.12736
1.617; -6.00815
1.618; -1.80006
1.619; -2.69413
1.62; -9.31025
1.621; -13.4468
1.622; -9.90629
1.623; -3.5882
1.624; -11.8494
1.625; -6.83069
1.626; -4.07696
1.627; -4.45843
1.628; -9.4533
1.629; -8.89301
1.63; -4.07696
1.631; -3.32594
1.632; -6.4373
1.633; -10.9434
1.634; -6.61612
1.635; -2.8491
1.636; -4.06504
1.637; -8.53539
1.638; 1.09673
1.639; -3.49283
1.64; -11.6229
1.641; -12.1593
1.642; -7.95126
1.643; -11.4322
1.644; -15.1396
1.645; -13.6256
1.646; -10.0017
1.647; -9.88245
1.648; -9.25064
1.649; -9.23872
1.65; -0.214577
1.651; -3.5286
1.652; -10.7646
1.653; -9.42946
1.654; -8.07047
1.655; -7.89166
1.656; -14.3766
1.657; -15.4018
1.658; -7.4029
1.659; -9.5129
1.66; -12.2547
1.661; -11.3845
1.662; -1.74046
1.663; -7.72476
1.664; -12.4097
1.665; -11.0388
1.666; -11.4679
1.667; -9.35793
1.668; -15.6522
1.669; -12.3501
1.67; -11.4679
1.671; -11.5991
1.672; -11.7064
1.673; -10.7527
1.674; -3.40939
1.675; -8.95262
1.676; -16.9396
1.677; -13.3634
1.678; -8.85725
1.679; -9.90629
1.68; -18.2152
1.681; -11.8256
1.682; -6.13928
1.683; -10.3235
1.684; -12.3024
1.685; -10.3235
1.686; -3.75509
1.687; -8.78573
1.688; -11.9805
1.689; -12.0401
1.69; -12.5051
1.691; -13.7687
1.692; -19.7768
1.693; -14.174
1.694; -10.3593
1.695; -12.5051
1.696; -11.9686
1.697; -8.18968
1.698; -1.88351
1.699; -10.1089
1.7; -11.3606
1.701; -9.76324
1.702; -7.09295
1.703; -11.5871
1.704; -14.5793
1.705; -11.1341
1.706; -7.00951
1.707; -10.6335
1.708; -9.54867
1.709; -6.7234
1.71; -1.72853
1.711; -6.10352
1.712; -9.23872
1.713; -8.27313
1.714; -2.52724
1.715; -9.91821
1.716; -11.7421
1.717; -8.61883
1.718; -3.02792
1.719; -8.2016
1.72; -8.38041
1.721; -3.14713
1.722; -4.73261
1.723; -10.4308
1.724; -8.90493
1.725; -12.6362
1.726; -4.81606
1.727; -11.4441
1.728; -10.3354
1.729; -6.6638
1.73; 1.21593
1.731; -3.93391
1.732; -3.82662
1.733; 1.21593
1.734; 1.50204
1.735; -8.02279
1.736; -9.20296
1.737; -4.14848
1.738; -3.38554
1.739; -11.2891
1.74; -11.3726
1.741; -10.4547
1.742; -6.28233
1.743; -8.08239
1.744; -9.08375
1.745; -3.17097
1.746; -2.5034
1.747; -7.05719
1.748; -9.03607
1.749; -5.99623
1.75; -1.90735
1.751; -11.0507
1.752; -11.2295
1.753; -7.87973
1.754; -2.6226
1.755; -7.51019
1.756; -8.6546
1.757; 0.965595
1.758; -8.54731
1.759; -9.36985
1.76; -12.4097
1.761; -8.47578
1.762; -5.8651
1.763; -13.3276
1.764; -11.7898
1.765; -8.80957
1.766; -5.62668
1.767; -6.74725
1.768; -10.7288
1.769; 0.38147
1.77; -2.86102
1.771; -13.0534
1.772; -13.9713
1.773; -9.33409
1.774; -9.27448
1.775; -17.8218
1.776; -12.7673
1.777; -10.1566
1.778; -9.13143
1.779; -12.1236
1.78; -9.82285
1.781; -3.06368
1.782; -9.40561
1.783; -12.8388
1.784; -12.2666
1.785; -9.1672
1.786; -7.86781
1.787; -16.5939
1.788; -11.0507
1.789; -7.20024
1.79; -8.05855
1.791; -13.4826
1.792; -10.2401
1.793; -3.44515
1.794; -9.77516
1.795; -15.5926
1.796; -15.223
1.797; -9.20296
1.798; -10.6335
1.799; -16.7489
1.8; -15.4614
1.801; -11.1818
1.802; -10.2162
1.803; -10.8361
1.804; -10.8004
1.805; -3.86238
1.806; -6.56843
1.807; -13.1011
1.808; -14.1263
1.809; -11.1103
1.81; -14.4124
1.811; -15.7833
1.812; -15.0085
1.813; -6.7234
1.814; -10.3354
1.815; -8.78573
1.816; -8.44002
1.817; -4.29153
1.818; -7.35521
1.819; -12.6481
1.82; -13.3634
1.821; -7.67708
1.822; -9.85861
1.823; -14.9369
1.824; -13.8044
1.825; -4.07696
1.826; -8.35657
1.827; -8.95262
1.828; -4.85182
1.829; -2.72989
1.83; -4.35114
1.831; -13.8164
1.832; -9.87053
1.833; -8.22544
1.834; -11.4799
1.835; -13.9356
1.836; -8.95262
1.837; -3.21865
1.838; -6.92606
1.839; -8.04663
1.84; -6.30617
1.841; 0.655651
1.842; -5.48363
1.843; -9.50098
1.844; -4.26769
1.845; -3.93391
1.846; -9.38177
1.847; -18.7516
1.848; -10.0613
1.849; -2.7895
1.85; -8.83341
1.851; -6.33001
1.852; -0.631809
1.853; 0.500679
1.854; -4.36306
1.855; -10.2758
1.856; -7.82013
1.857; -2.87294
1.858; -9.33409
1.859; -12.9938
1.86; -7.60555
1.861; 0.202656
1.862; -6.0916
1.863; -6.7234
1.864; -0.965595
1.865; -0.488758
1.866; -9.69172
1.867; -9.58443
1.868; -6.52075
1.869; -4.75645
1.87; -12.517
1.871; -14.5555
1.872; -9.9659
1.873; -2.58684
1.874; -5.84126
1.875; -6.98567
1.876; 0.619888
1.877; 0.64373
1.878; -8.72612
1.879; -9.2864
1.88; -5.93662
1.881; -3.95775
1.882; -12.0759
1.883; -14.2217
1.884; -11.6467
1.885; -8.15392
1.886; -10.2878
1.887; -8.142
1.888; -2.59876
1.889; -4.05312
1.89; -11.2891
1.891; -10.0493
1.892; -8.63075
1.893; -3.98159
1.894; -15.1396
1.895; -12.0759
1.896; -9.91821
1.897; -6.6638
1.898; -9.52482
1.899; -12.1117
1.9; -0.26226
1.901; -3.99351
1.902; -13.5541
1.903; -13.3514
1.904; -10.7408
1.905; -9.21488
1.906; -17.2496
1.907; -14.0071
1.908; -13.7806
1.909; -9.20296
1.91; -11.0269
1.911; -9.15527
1.912; 0.810623
1.913; -6.69956
1.914; -9.77516
1.915; -11.7064
1.916; -6.98567
1.917; -8.28505
1.918; -16.5701
1.919; -14.1859
1.92; -7.24793
1.921; -10.8361
1.922; -11.9805
1.923; -13.7925
1.924; -2.67029
1.925; -10.9315
1.926; -12.1117
1.927; -13.4826
1.928; -11.3606
1.929; -13.3514
1.93; -16.0813
1.931; -13.1845
1.932; -8.80957
1.933; -9.21488
1.934; -8.47578
1.935; -8.96454
1.936; -1.60933
1.937; -6.47307
1.938; -12.9461
1.939; -9.53674
1.94; -5.44787
1.941; -15.2588
1.942; -16.0337
1.943; -11.1461
1.944; -8.78573
1.945; -12.517
1.946; -11.2653
1.947; -7.33137
1.948; -4.1604
1.949; -6.30617
1.95; -8.29697
1.951; -9.07183
1.952; -6.71148
1.953; -9.81093
1.954; -15.8548
1.955; -8.82149
1.956; -4.41074
1.957; -7.05719
1.958; -8.52347
1.959; -2.28882
1.96; -2.34842
1.961; -4.51803
1.962; -8.63075
1.963; -8.38041
1.964; -4.66108
1.965; -11.8136
1.966; -12.8746
1.967; -8.44002
1.968; -3.06368
1.969; -5.47171
1.97; -6.71148
1.971; -0.798702
1.972; 0.26226
1.973; -4.12464
1.974; -6.58035
1.975; -4.20809
1.976; -0.691414
1.977; -8.9407
1.978; -12.5885
1.979; -7.84397
1.98; -3.1352
1.981; -9.36985
1.982; -7.22408
1.983; -0.25034
1.984; -2.28882
1.985; -7.49827
1.986; -5.99623
1.987; -6.7234
1.988; -2.89679
1.989; -7.98702
1.99; -11.6229
1.991; -11.6944
1.992; -0.345707
1.993; -6.50883
1.994; -7.39098
1.995; -2.31266
1.996; -1.69277
1.997; -7.20024
1.998; -8.4281
1.999; -3.67165
2; -2.39611
2.001; -13.3753
2.002; -11.0626
2.003; -13.4826
2.004; -7.48634
2.005; -7.9751
2.006; -9.6798
2.007; -2.43187
2.008; -2.5034
2.009; -9.91821
2.01; -11.5991
2.011; -7.59363
2.012; -1.43051
2.013; -11.003
2.014; -11.6944
2.015; -7.77245
2.016; -5.40018
2.017; -9.58443
2.018; -7.87973
2.019; -3.09944
2.02; -5.32866
2.021; -9.60827
2.022; -10.4308
2.023; -8.55923
2.024; -8.95262
2.025; -10.1328
2.026; -10.2162
2.027; -6.81877
2.028; -6.13928
2.029; -9.87053
2.03; -11.1461
2.031; -2.563
2.032; -8.38041
2.033; -16.8085
2.034; -14.2574
2.035; -10.848
2.036; -13.8402
2.037; -20.4682
2.038; -18.537
2.039; -13.3395
2.04; -13.0534
2.041; -12.1951
2.042; -12.5647
2.043; -1.43051
2.044; -8.46386
2.045; -8.07047
2.046; -11.4322
2.047; -10.1089
2.048; -9.39369
2.049; -14.0429
2.05; -13.0415
2.051; -9.63211
2.052; -12.1236
2.053; -11.6587
2.054; -10.5381
2.055; -4.51803
2.056; -10.86
2.057; -12.207
2.058; -10.2639
2.059; -6.96182
2.06; -12.1474
2.061; -13.8044
2.062; -11.5275
2.063; -7.36714
2.064; -7.08103
2.065; -8.6546
2.066; -10.1805
2.067; -1.80006
2.068; -8.76188
2.069; -14.2574
2.07; -11.301
2.071; -7.65324
2.072; -7.59363
2.073; -15.7475
2.074; -8.63075
2.075; -2.47955
2.076; -6.10352
2.077; -6.56843
2.078; -4.57764
2.079; -3.80278
2.08; -3.79086
2.081; -10.9673
2.082; -10.9315
2.083; -7.4625
2.084; -11.0149
2.085; -14.4482
2.086; -10.2997
2.087; -2.03848
2.088; -7.18832
2.089; -8.35657
2.09; -3.61204
2.091; 3.93391
2.092; -4.17233
2.093; -9.56059
2.094; -3.71933
2.095; -2.3365
2.096; -8.86917
2.097; -11.1699
2.098; -9.05991
2.099; -1.69277
2.1; -3.75509
2.101; -6.11544
2.102; -3.21865
2.103; 0.345707
2.104; -6.54459
2.105; -9.81093
2.106; -8.72612
2.107; -1.37091
2.108; -10.0255
2.109; -9.29833
2.11; -9.23872
2.111; -0.178814
2.112; -5.34058
2.113; -5.55515
2.114; 2.13385
2.115; -0.464916
2.116; -2.83718
2.117; -6.31809
2.118; -9.46522
2.119; -5.93662
2.12; -10.8242
2.121; -14.5793
2.122; -10.0613
2.123; -1.71661
2.124; -5.96047
2.125; -8.98838
2.126; -1.00136
2.127; -0.703335
2.128; -6.81877
2.129; -7.79629
2.13; -2.67029
2.131; -4.30346
2.132; -9.7394
2.133; -11.5395
2.134; -12.7912
2.135; -12.4216
2.136; -9.23872
2.137; -9.84669
2.138; -2.82526
2.139; -8.05855
2.14; -9.29833
2.141; -11.5275
2.142; -8.35657
2.143; -5.14984
2.144; -15.4734
2.145; -13.2322
2.146; -8.39233
2.147; -8.46386
2.148; -11.0865
2.149; -10.55
2.15; -2.06232
2.151; -7.43866
2.152; -13.6733
2.153; -13.8402
2.154; -11.4203
2.155; -10.3951
2.156; -14.6627
2.157; -13.876
2.158; -13.4349
2.159; -11.2176
2.16; -13.3991
2.161; -9.90629
2.162; -2.43187
2.163; -7.56979
2.164; -13.2442
2.165; -10.8719
2.166; -8.83341
2.167; -12.4812
2.168; -15.676
2.169; -10.0732
2.17; -8.22544
2.171; -10.86
2.172; -11.0507
2.173; -9.52482
2.174; -3.55244
2.175; -10.3474
2.176; -13.5183
2.177; -10.9553
2.178; -9.04799
2.179; -10.2162
2.18; -16.9039
2.181; -13.566
2.182; -6.87838
2.183; -10.8719
2.184; -10.8838
2.185; -7.48634
2.186; -1.88351
2.187; -8.30889
2.188; -12.5408
2.189; -7.27177
2.19; -8.27313
2.191; -15.1038
2.192; -17.8218
2.193; -15.6045
2.194; -10.2282
2.195; -14.0309
2.196; -10.6573
2.197; -8.59499
2.198; -0.727177
2.199; -5.80549
2.2; -9.35793
2.201; -7.22408
2.202; -3.02792
2.203; -9.44138
2.204; -11.9686
2.205; -6.40154
2.206; -2.43187
2.207; -7.20024
2.208; -7.236
2.209; -3.70741
2.21; -0.536442
2.211; -4.73261
2.212; -5.8651
2.213; -7.96318
2.214; -4.3869
2.215; -7.22408
2.216; -13.7687
2.217; -10.1209
2.218; -1.5974
2.219; -5.54323
2.22; -4.54187
2.221; -1.22786
2.222; 1.32322
2.223; -5.37634
2.224; -5.40018
2.225; -2.80142
2.226; -2.43187
2.227; -5.79357
2.228; -7.689
2.229; -9.9659
2.23; -3.17097
2.231; -5.75781
2.232; -7.99894
2.233; -0.596047
2.234; -0.917912
2.235; -6.27041
2.236; -6.0916
2.237; -6.04391
2.238; -1.84774
2.239; -10.3116
2.24; -11.5156
2.241; -8.91686
2.242; -5.55515
2.243; -5.84126
2.244; -9.29833
2.245; -2.11
2.246; -6.91414
2.247; -5.26905
2.248; -8.97646
2.249; -7.67708
2.25; -7.34329
2.251; -12.5885
2.252; -14.6866
2.253; -11.1103
2.254; -6.58035
2.255; -7.87973
2.256; -9.46522
2.257; -0.798702
2.258; -5.87702
2.259; -10.0613
2.26; -11.0388
2.261; -5.99623
2.262; -6.2108
2.263; -11.3964
2.264; -8.51154
2.265; -10.0136
2.266; -6.58035
2.267; -7.4029
2.268; -8.86917
2.269; -2.95639
2.27; -7.16448
2.271; -11.003
2.272; -10.252
2.273; -11.2057
2.274; -11.0745
2.275; -16.4628
2.276; -10.1566
2.277; -9.2268
2.278; -9.85861
2.279; -12.3382
2.28; -7.45058
2.281; -4.80413
2.282; -8.90493
2.283; -14.329
2.284; -9.59635
2.285; -9.26256
2.286; -10.4785
2.287; -15.5568
2.288; -12.815
2.289; -13.4349
2.29; -10.1089
2.291; -11.5275
2.292; -10.1924
2.293; -4.70877
2.294; -7.93934
2.295; -14.2097
2.296; -10.6931
2.297; -12.2786
2.298; -16.2005
2.299; -18.549
2.3; -14.4005
2.301; -10.3712
2.302; -12.0401
2.303; -10.2997
2.304; -9.95398
2.305; -3.60012
2.306; -8.64267
2.307; -12.2428
2.308; -10.0493
2.309; -2.11
2.31; -7.34329
2.311; -13.6018
2.312; -11.7421
2.313; -0.703335
2.314; -9.66787
2.315; -10.3116
2.316; -7.79629
2.317; -1.38283
2.318; -8.28505
2.319; -11.9329
2.32; -12.3978
2.321; -8.4281
2.322; -12.5647
2.323; -11.0865
2.324; -9.72748
2.325; -5.62668
2.326; -7.22408
2.327; -7.04527
2.328; -5.56707
2.329; 2.14577
2.33; -7.28369
2.331; -9.59635
2.332; -7.08103
2.333; -3.99351
2.334; -11.4918
2.335; -13.0415
2.336; -7.41482
2.337; -1.37091
2.338; -5.24521
2.339; -6.68764
2.34; -1.46627
2.341; -4.3273
2.342; -4.52995
2.343; -7.93934
2.344; -6.48499
2.345; -3.05176
2.346; -10.9434
2.347; -14.2694
2.348; -8.54731
2.349; -4.73261
2.35; -8.21352
2.351; -8.32081
2.352; -0.441074
2.353; -2.89679
2.354; -7.37906
2.355; -6.62804
2.356; -6.27041
2.357; -3.0756
2.358; -7.9155
2.359; -7.34329
2.36; -6.12736
2.361; 0.655651
2.362; -4.85182
2.363; -10.5619
2.364; -1.04904
2.365; 0.441074
2.366; -7.03335
2.367; -6.53267
2.368; -3.63588
2.369; -2.01464
2.37; -8.91686
2.371; -13.0057
2.372; -10.0255
2.373; -4.72069
2.374; -8.58307
2.375; -6.0916
2.376; -0.655651
2.377; -5.80549
2.378; -7.60555
2.379; -11.4679
2.38; -7.51019
2.381; -7.48634
2.382; -13.9117
2.383; -11.8613
2.384; -11.158
2.385; -5.56707
2.386; -9.04799
2.387; -7.53403
2.388; -3.00407
2.389; -5.79357
2.39; -10.1089
2.391; -10.705
2.392; -7.70092
2.393; -8.90493
2.394; -15.7595
2.395; -13.5779
2.396; -13.8164
2.397; -10.7288
2.398; -9.93014
2.399; -10.6096
2.4; -4.48227
2.401; -6.49691
2.402; -13.1249
2.403; -13.5303
2.404; -10.3593
2.405; -10.9792
2.406; -17.1185
2.407; -11.5991
2.408; -8.98838
2.409; -12.7196
2.41; -13.6375
2.411; -9.6798
2.412; -5.40018
2.413; -8.08239
2.414; -10.0136
2.415; -10.2997
2.416; -8.28505
2.417; -9.56059
2.418; -14.4124
2.419; -11.2653
2.42; -8.09431
2.421; -7.15256
2.422; -5.96047
2.423; -8.86917
2.424; -0.0476837
2.425; -5.126
2.426; -11.0745
2.427; -7.34329
2.428; -9.42946
2.429; -11.7779
2.43; -14.6866
2.431; -13.8283
2.432; -9.89437
2.433; -10.8957
2.434; -8.57115
2.435; -7.29561
2.436; -3.26634
2.437; -5.14984
2.438; -11.158
2.439; -8.40426
2.44; -6.29425
2.441; -10.6215
2.442; -12.3262
2.443; -8.57115
2.444; -4.42267
2.445; -8.51154
2.446; -8.30889
2.447; -7.84397
2.448; -4.48227
2.449; -7.05719
2.45; -9.53674
2.451; -8.60691
2.452; -6.99759
2.453; -11.1341
2.454; -15.6283
2.455; -10.9673
2.456; -8.11815
2.457; -7.73668
2.458; -8.82149
2.459; -3.91007
2.46; -0.286102
2.461; -7.35521
2.462; -5.54323
2.463; -4.44651
2.464; -1.06096
2.465; -5.59092
2.466; -11.8136
2.467; -4.8995
2.468; -3.5882
2.469; -5.61476
2.47; -6.03199
2.471; -2.30074
2.472; -0.0715256
2.473; -4.3869
2.474; -6.47307
2.475; -4.39882
2.476; -3.98159
2.477; -10.4785
2.478; -12.2428
2.479; -8.38041
2.48; -2.94447
2.481; -5.67436
2.482; -3.76701
2.483; -0.977516
2.484; -0.452995
2.485; -8.88109
2.486; -8.35657
2.487; -7.60555
2.488; -7.54595
2.489; -11.766
2.49; -9.71556
2.491; -12.9104
2.492; -3.8743
2.493; -4.98295
2.494; -7.70092
2.495; -0.858307
2.496; -3.77893
2.497; -9.71556
2.498; -8.7142
2.499; -6.69956
2.5; -5.4121
2.501; -12.2428
2.502; -10.6692
2.503; -12.0759
2.504; -11.5037
2.505; -10.4427
2.506; -9.17912
2.507; -4.70877
2.508; -8.91686
2.509; -9.89437
2.51; -9.50098
2.511; -6.81877
2.512; -6.92606
2.513; -10.2043
2.514; -12.207
2.515; -9.14335
2.516; -7.06911
2.517; -7.76053
2.518; -9.20296
2.519; -1.83582
2.52; -8.02279
2.521; -12.8865
2.522; -10.2282
2.523; -8.76188
2.524; -10.9673
2.525; -14.329
2.526; -12.0163
2.527; -10.5739
2.528; -10.1566
2.529; -6.9499
2.53; -7.67708
2.531; 0.488758
2.532; -5.19753
2.533; -9.88245
2.534; -12.064
2.535; -12.6362
2.536; -11.7302
2.537; -17.5953
2.538; -14.5674
2.539; -9.75132
2.54; -10.7169
2.541; -9.54867
2.542; -8.58307
2.543; -6.93798
2.544; -8.74996
2.545; -12.4455
2.546; -9.84669
2.547; -4.69685
2.548; -12.0163
2.549; -14.0667
2.55; -8.01087
2.551; -6.10352
2.552; -9.25064
2.553; -6.92606
2.554; -8.47578
2.555; -1.37091
2.556; -9.98974
2.557; -14.5078
2.558; -12.1355
2.559; -12.3858
2.56; -11.6587
2.561; -14.9608
2.562; -8.07047
2.563; -6.54459
2.564; -9.62019
2.565; -8.10623
2.566; -3.68357
2.567; -1.63317
2.568; -5.14984
2.569; -6.0916
2.57; -6.62804
2.571; -6.0916
2.572; -12.0759
2.573; -14.6151
2.574; -8.07047
2.575; -3.24249
2.576; -8.79765
2.577; -7.55787
2.578; 0.286102
2.579; -1.04904
2.58; -5.50747
2.581; -8.59499
2.582; -4.02927
2.583; -4.91142
2.584; -7.09295
2.585; -11.003
2.586; -8.09431
2.587; -1.41859
2.588; -4.95911
2.589; -3.46899
2.59; -0.739098
2.591; 0
2.592; -7.18832
2.593; -10.252
2.594; -8.55923
2.595; -7.09295
2.596; -14.6508
2.597; -12.4812
2.598; -10.6096
2.599; -1.58548
2.6; -9.91821
2.601; -5.98431
2.602; -1.21593
2.603; -1.91927
2.604; -6.22273
2.605; -7.43866
2.606; -5.26905
2.607; -2.95639
2.608; -13.1726
2.609; -15.4018
2.61; -13.5183
2.611; -6.84261
2.612; -7.10487
2.613; -7.83205
2.614; -1.26362
2.615; -2.30074
2.616; -7.9751
2.617; -6.77109
2.618; -5.82934
2.619; -2.80142
2.62; -8.83341
2.621; -9.81093
2.622; -8.4877
2.623; -2.37227
2.624; -5.24521
2.625; -7.1764
2.626; 0.0596047
2.627; -4.52995
2.628; -11.9925
2.629; -11.3845
2.63; -6.85454
2.631; -8.49962
2.632; -12.1593
2.633; -14.9965
2.634; -12.5885
2.635; -10.7288
2.636; -8.4877
2.637; -7.39098
2.638; -0.572205
2.639; -6.62804
2.64; -10.8004
2.641; -10.097
2.642; -10.3354
2.643; -10.8361
2.644; -16.8562
2.645; -13.423
2.646; -9.5129
2.647; -13.1488
2.648; -10.8838
2.649; -12.4812
2.65; -5.53131
2.651; -10.7884
2.652; -12.9223
2.653; -12.1593
2.654; -9.14335
2.655; -10.407
2.656; -15.5211
2.657; -12.4931
2.658; -10.0613
2.659; -9.84669
2.66; -8.66652
2.661; -7.90358
2.662; 0.202656
2.663; -6.48499
2.664; -10.3593
2.665; -10.3712
2.666; -8.03471
2.667; -9.09567
2.668; -14.6985
2.669; -10.3354
2.67; -6.87838
2.671; -10.8123
2.672; -10.0493
2.673; -6.84261
2.674; -0.309944
2.675; -6.87838
2.676; -8.09431
2.677; -8.73804
2.678; -8.13007
2.679; -9.91821
2.68; -14.9727
2.681; -10.3593
2.682; -6.50883
2.683; -10.9196
2.684; -9.0003
2.685; -5.32866
2.686; -1.0252
2.687; -5.74589
2.688; -9.65595
2.689; -7.48634
2.69; -7.33137
2.691; -14.4005
2.692; -13.6852
2.693; -10.3354
2.694; -5.71013
2.695; -7.73668
2.696; -9.26256
2.697; -3.0756
2.698; -1.37091
2.699; -6.42538
2.7; -5.72205
2.701; -2.20537
2.702; -0.929833
2.703; -7.84397
2.704; -10.1089
2.705; -8.9407
2.706; -4.44651
2.707; -8.05855
2.708; -9.33409
2.709; -1.62125
2.71; -1.84774
2.711; -6.74725
2.712; -7.66516
2.713; -7.71284
2.714; -1.83582
2.715; -12.0521
2.716; -11.0507
2.717; -7.96318
2.718; -1.32322
2.719; -4.52995
2.72; -8.45194
2.721; 0.107288
2.722; -2.57492
2.723; -9.21488
2.724; -8.142
2.725; -7.22408
2.726; -1.16825
2.727; -11.8494
2.728; -13.3634
2.729; -7.98702
2.73; -3.67165
2.731; -8.44002
2.732; -7.689
2.733; 0.0357628
2.734; -2.96831
2.735; -5.94854
2.736; -10.1924
2.737; -5.61476
2.738; -8.01087
2.739; -11.8494
2.74; -13.8044
2.741; -12.9819
2.742; -6.92606
2.743; -8.80957
2.744; -10.8838
2.745; -2.24113
2.746; -6.78301
2.747; -9.95398
2.748; -12.219
2.749; -8.66652
2.75; -7.54595
2.751; -13.1369
2.752; -12.6719
2.753; -13.0773
2.754; -7.9751
2.755; -10.2282
2.756; -11.3845
2.757; -3.29018
2.758; -7.87973
2.759; -11.6229
2.76; -13.113
2.761; -8.46386
2.762; -7.59363
2.763; -14.5435
2.764; -11.2772
2.765; -10.1924
2.766; -7.236
2.767; -9.1672
2.768; -7.08103
2.769; -1.94311
2.77; -5.18561
2.771; -14.2455
2.772; -13.1845
2.773; -12.5766
2.774; -11.5275
2.775; -18.7635
2.776; -10.2401
2.777; -7.42674
2.778; -10.9911
2.779; -9.38177
2.78; -7.21216
2.781; -2.99215
2.782; -7.10487
2.783; -11.1103
2.784; -8.21352
2.785; -8.32081
2.786; -12.5766
2.787; -17.2019
2.788; -14.4839
2.789; -8.6546
2.79; -14.6985
2.791; -14.0548
2.792; -7.71284
2.793; -3.60012
2.794; -7.67708
2.795; -10.7884
2.796; -8.49962
2.797; -3.34978
2.798; -8.2612
2.799; -10.7288
2.8; -8.64267
2.801; -4.8995
2.802; -9.09567
2.803; -8.02279
2.804; -6.48499
2.805; -1.72853
2.806; -7.98702
2.807; -8.72612
2.808; -8.21352
2.809; -4.22001
2.81; -12.1355
2.811; -11.9805
2.812; -8.51154
2.813; 1.34707
2.814; -8.27313
2.815; -6.6042
2.816; -0.870228
2.817; 2.59876
2.818; -6.46114
2.819; -9.33409
2.82; -6.55651
2.821; -3.79086
2.822; -12.6004
2.823; -10.3712
2.824; -11.9448
2.825; -0.464916
2.826; -4.19617
2.827; -5.76973
2.828; 1.38283
2.829; 0.154972
2.83; -4.93527
2.831; -6.16312
2.832; -5.44787
2.833; -1.07288
2.834; -7.90358
2.835; -11.5156
2.836; -7.30753
2.837; -4.73261
2.838; -8.44002
2.839; -9.88245
2.84; -1.97887
2.841; -2.01464
2.842; -6.41346
2.843; -7.10487
2.844; -2.90871
2.845; -5.60284
2.846; -10.7765
2.847; -14.1144
2.848; -7.83205
2.849; -5.09024
2.85; -7.79629
2.851; -12.1713
2.852; 0.989437
2.853; -3.33786
2.854; -7.96318
2.855; -10.0136
2.856; -5.8651
2.857; -3.42131
2.858; -9.39369
2.859; -8.44002
2.86; -8.49962
2.861; -5.579
2.862; -8.54731
2.863; -8.04663
2.864; 1.60933
2.865; -5.8651
2.866; -12.3382
2.867; -12.6123
2.868; -11.301
2.869; -9.95398
2.87; -20.6471
2.871; -13.8044
2.872; -8.66652
2.873; -8.90493
2.874; -9.02414
2.875; -4.99487
2.876; -1.57356
2.877; -7.689
2.878; -13.876
2.879; -9.59635
2.88; -7.67708
2.881; -11.4441
2.882; -15.5687
2.883; -13.1011
2.884; -9.23872
2.885; -8.97646
2.886; -12.2547
2.887; -8.64267
2.888; -3.71933
2.889; -9.77516
2.89; -11.8732
2.891; -8.13007
2.892; -6.11544
2.893; -12.0282
2.894; -15.8906
2.895; -10.86
2.896; -11.5752
2.897; -13.8164
2.898; -11.6348
2.899; -8.49962
2.9; -3.86238
2.901; -7.4029
2.902; -12.7792
2.903; -11.909
2.904; -9.64403
2.905; -12.9223
2.906; -16.8324
2.907; -12.0163
2.908; -7.29561
2.909; -10.4785
2.91; -11.5752
2.911; -4.49419
2.912; -3.05176
2.913; -9.07183
2.914; -13.0057
2.915; -7.1764
2.916; -6.4373
2.917; -12.7196
2.918; -12.7673
2.919; -14.8058
2.92; -5.94854
2.921; -8.88109
2.922; -8.90493
2.923; -1.91927
2.924; -1.28746
2.925; -8.74996
2.926; -8.61883
2.927; -9.64403
2.928; -3.91007
2.929; -11.5633
2.93; -12.3501
2.931; -7.35521
2.932; -1.71661
2.933; -9.1672
2.934; -9.54867
2.935; -4.70877
2.936; -1.69277
2.937; -9.29833
2.938; -8.05855
2.939; -4.50611
2.94; -3.12328
2.941; -11.0984
2.942; -11.158
2.943; -10.4666
2.944; -2.58684
2.945; -8.54731
2.946; -9.21488
2.947; 1.57356
2.948; -0.715256
2.949; -7.98702
2.95; -7.02143
2.951; -3.50475
2.952; -5.11408
2.953; -11.5633
2.954; -9.33409
2.955; -6.92606
2.956; -3.37362
2.957; -5.04255
2.958; -9.69172
2.959; 0.631809
2.96; -2.59876
2.961; -6.7234
2.962; -7.90358
2.963; -7.34329
2.964; -2.83718
2.965; -10.3474
2.966; -12.2547
2.967; -5.59092
2.968; -4.98295
2.969; -5.93662
2.97; -5.50747
2.971; 0.238419
2.972; -4.42267
2.973; -8.96454
2.974; -9.19104
2.975; -6.93798
2.976; -9.72748
2.977; -11.6944
2.978; -10.6573
2.979; -6.19888
2.98; -4.85182
2.981; -9.08375
2.982; -7.53403
2.983; 0.286102
2.984; -3.93391
2.985; -10.3474
2.986; -7.72476
2.987; -5.24521
2.988; -9.4533
2.989; -10.1566
2.99; -10.6454
2.991; -11.8017
2.992; -9.41753
2.993; -10.0732
2.994; -11.7064
2.995; -7.20024
2.996; -6.33001
2.997; -12.8508
2.998; -13.4468
2.999; -7.87973
3; -11.301
3.001; -17.1304
3.002; -12.3739
3.003; -10.6573
3.004; -11.8256
3.005; -7.79629
3.006; -9.01222
3.007; -2.40803
3.008; -11.5991
3.009; -14.5674
3.01; -11.5275
3.011; -11.4799
3.012; -12.6481
3.013; -17.2853
3.014; -18.0364
3.015; -7.02143
3.016; -13.2799
3.017; -11.3845
3.018; -9.27448
3.019; -2.0504
3.02; -7.96318
3.021; -13.2561
3.022; -11.0388
3.023; -7.98702
3.024; -13.6614
3.025; -18.2152
3.026; -13.1249
3.027; -6.30617
3.028; -12.2786
3.029; -11.158
3.03; -7.59363
3.031; -5.60284
3.032; -11.5991
3.033; -13.3157
3.034; -8.2016
3.035; -5.91278
3.036; -10.8838
3.037; -17.035
3.038; -10.4785
3.039; -4.47035
3.04; -11.7302
3.041; -12.8627
3.042; -2.40803
3.043; -3.20673
3.044; -12.0163
3.045; -12.0759
3.046; -8.83341
3.047; -5.96047
3.048; -9.0003
3.049; -13.8044
3.05; -10.8242
3.051; -4.62532
3.052; -6.33001
3.053; -12.2905
3.054; -1.0848
3.055; -1.88351
3.056; -8.07047
3.057; -10.6215
3.058; -8.86917
3.059; -6.02007
3.06; -17.0708
3.061; -11.3487
3.062; -2.34842
3.063; -6.33001
3.064; -4.43459
3.065; -6.83069
3.066; -1.15633
3.067; -0.607967
3.068; -6.92606
3.069; -8.21352
3.07; -4.63724
3.071; -1.85967
3.072; -8.66652
3.073; -9.36985
3.074; -6.77109
3.075; -1.32322
3.076; -6.91414
3.077; -6.36578
3.078; 3.54052
3.079; -1.40667
3.08; -6.3777
3.081; -6.52075
3.082; -5.96047
3.083; -6.12736
3.084; -12.3739
3.085; -8.29697
3.086; -2.90871
3.087; -3.75509
3.088; -4.48227
3.089; -5.82934
3.09; 0.64373
3.091; -2.90871
3.092; -10.6812
3.093; -7.15256
3.094; -3.17097
3.095; -5.22137
3.096; -15.7118
3.097; -11.5275
3.098; -8.13007
3.099; -7.84397
3.1; -8.57115
3.101; -3.45707
3.102; -0.500679
3.103; -5.29289
3.104; -8.54731
3.105; -8.54731
3.106; -6.97374
3.107; -7.71284
3.108; -15.7952
3.109; -11.6587
3.11; -5.20945
3.111; -5.59092
3.112; -9.57251
3.113; -4.23193
3.114; -0.846386
3.115; -9.95398
3.116; -13.3753
3.117; -9.76324
3.118; -6.13928
3.119; -12.815
3.12; -18.0244
3.121; -13.5064
3.122; -9.25064
3.123; -10.3116
3.124; -9.76324
3.125; -9.64403
3.126; -2.76566
3.127; -8.88109
3.128; -11.611
3.129; -12.0997
3.13; -6.85454
3.131; -14.174
3.132; -15.1873
3.133; -14.3647
3.134; -8.27313
3.135; -15.6999
3.136; -11.2295
3.137; -6.85454
3.138; -5.65052
3.139; -11.766
3.14; -12.5408
3.141; -15.2469
3.142; -7.76053
3.143; -15.9621
3.144; -14.7581
3.145; -16.0337
3.146; -5.80549
3.147; -7.9155
3.148; -12.0044
3.149; -5.26905
3.15; -2.89679
3.151; -9.4533
3.152; -10.7765
3.153; -6.36578
3.154; -8.60691
3.155; -13.5183
3.156; -14.627
3.157; -12.9104
3.158; -10.9434
3.159; -11.2295
3.16; -7.73668
3.161; -3.80278
3.162; -4.54187
3.163; -6.85454
3.164; -13.4707
3.165; -7.83205
3.166; -7.66516
3.167; -11.611
3.168; -14.0905
3.169; -9.35793
3.17; -6.58035
3.171; -9.56059
3.172; -12.5408
3.173; -0.882149
3.174; -8.11815
3.175; -9.40561
3.176; -7.92742
3.177; -7.78437
3.178; -9.5129
3.179; -10.0374
3.18; -10.2043
3.181; -8.74996
3.182; -4.44651
3.183; -5.20945
3.184; -8.69036
3.185; 1.91927
3.186; -0.524521
3.187; -6.30617
3.188; -4.81606
3.189; -2.82526
3.19; -6.18696
3.191; -11.0269
3.192; -7.86781
3.193; -5.17368
3.194; -7.49827
3.195; -7.67708
3.196; -3.15905
3.197; -0.107288
3.198; -1.3113
3.199; -5.80549
3.2; -6.13928
3.201; -5.60284
3.202; -6.40154
3.203; -10.8838
3.204; -7.4625
3.205; -6.85454
3.206; -3.54052
3.207; -6.56843
3.208; -4.47035
3.209; -0.631809
3.21; -7.30753
3.211; -7.1764
3.212; -3.3021
3.213; -5.23329
3.214; -6.2108
3.215; -8.03471
3.216; -7.236
3.217; -3.82662
3.218; -8.23736
3.219; -5.19753
3.22; -5.16176
3.221; -3.23057
3.222; -7.60555
3.223; -11.8375
3.224; -9.84669
3.225; -5.90086
3.226; -12.3501
3.227; -14.7939
3.228; -8.4281
3.229; -7.30753
3.23; -9.46522
3.231; -6.17504
3.232; -2.71797
3.233; -3.33786
3.234; -5.19753
3.235; -7.14064
3.236; -8.39233
3.237; -6.85454
3.238; -15.1753
3.239; -16.2959
3.24; -15.0919
3.241; -10.2162
3.242; -11.2057
3.243; -11.2057
3.244; -4.57764
3.245; -2.59876
3.246; -11.1341
3.247; -15.4972
3.248; -9.88245
3.249; -7.80821
3.25; -11.9448
3.251; -11.9686
3.252; -10.9911
3.253; -4.91142
3.254; -11.2891
3.255; -9.07183
3.256; -8.39233
3.257; -4.75645
3.258; -11.0149
3.259; -12.6243
3.26; -10.2997
3.261; -6.28233
3.262; -14.174
3.263; -16.4032
3.264; -12.1474
3.265; -7.90358
3.266; -14.4124
3.267; -11.5275
3.268; -4.3869
3.269; -7.236
3.27; -13.5183
3.271; -13.411
3.272; -10.5262
3.273; -7.4029
3.274; -12.7554
3.275; -15.8072
3.276; -12.4097
3.277; -6.31809
3.278; -9.11951
3.279; -12.9819
3.28; -2.51532
3.281; -4.47035
3.282; -9.04799
3.283; -11.2057
3.284; -10.8004
3.285; -9.83477
3.286; -14.77
3.287; -15.8191
3.288; -12.6362
3.289; -9.77516
3.29; -9.6798
3.291; -9.94206
3.292; -2.80142
3.293; -4.51803
3.294; -10.0255
3.295; -10.9315
3.296; -7.08103
3.297; -3.74317
3.298; -11.2295
3.299; -11.2653
3.3; -6.31809
3.301; -2.03848
3.302; -8.60691
3.303; -7.82013
3.304; -1.90735
3.305; -4.19617
3.306; -10.6454
3.307; -8.18968
3.308; -8.41618
3.309; -4.3869
3.31; -8.40426
3.311; -6.19888
3.312; -1.9908
3.313; -2.03848
3.314; -4.74453
3.315; -5.67436
3.316; 3.03984
3.317; -1.58548
3.318; -7.56979
3.319; -7.43866
3.32; -5.16176
3.321; -7.9155
3.322; -17.9172
3.323; -7.86781
3.324; -4.8399
3.325; -8.03471
3.326; -5.31674
3.327; -8.4877
3.328; 1.28746
3.329; -5.54323
3.33; -10.3354
3.331; -9.21488
3.332; -5.43594
3.333; -9.64403
3.334; -10.8957
3.335; -9.48906
3.336; -6.22273
3.337; -9.57251
3.338; -9.57251
3.339; -0.452995
3.34; 0.0357628
3.341; -9.36985
3.342; -7.6294
3.343; -10.3712
3.344; -6.04391
3.345; -12.3501
3.346; -13.7925
3.347; -9.82285
3.348; -1.57356
3.349; -4.48227
3.35; -7.67708
3.351; -3.63588
3.352; 0
3.353; -7.90358
3.354; -11.6348
3.355; -6.3777
3.356; -3.3021
3.357; -13.3276
3.358; -17.9529
3.359; -13.721
3.36; -12.6004
3.361; -14.2336
3.362; -9.19104
3.363; -2.37227
3.364; -1.23978
3.365; -6.87838
3.366; -8.88109
3.367; -7.99894
3.368; -3.03984
3.369; -11.313
3.37; -15.1515
3.371; -14.3051
3.372; -6.04391
3.373; -9.59635
3.374; -14.8892
3.375; -3.70741
3.376; -8.52347
3.377; -13.0773
3.378; -16.8085
3.379; -10.0851
3.38; -5.01871
3.381; -12.3501
3.382; -15.6403
3.383; -13.8998
3.384; -8.88109
3.385; -14.7343
3.386; -11.5633
3.387; -5.24521
3.388; -5.80549
3.389; -10.3951
3.39; -15.986
3.391; -10.0136
3.392; -10.4308
3.393; -18.2986
3.394; -16.3794
3.395; -13.7091
3.396; -9.26256
3.397; -11.301
3.398; -12.3024
3.399; -1.34707
3.4; -4.78029
3.401; -4.30346
3.402; -5.9247
3.403; -7.05719
3.404; -3.44515
3.405; -9.5129
3.406; -12.0878
3.407; -11.313
3.408; -7.14064
3.409; -12.1236
3.41; -10.7408
3.411; -3.3021
3.412; -4.02927
3.413; -12.8269
3.414; -11.0626
3.415; -7.96318
3.416; -8.49962
3.417; -13.6852
3.418; -10.5023
3.419; -8.9407
3.42; -9.13143
3.421; -9.62019
3.422; -8.32081
3.423; -2.94447
3.424; -1.65701
3.425; -9.10759
3.426; -7.20024
3.427; -7.02143
3.428; -6.7234
3.429; -13.3038
3.43; -10.0851
3.431; -4.07696
3.432; -4.37498
3.433; -6.33001
3.434; -4.88758
3.435; -1.29938
3.436; -4.68493
3.437; -10.3712
3.438; -4.19617
3.439; -5.94854
3.44; -10.0851
3.441; -11.0388
3.442; -12.5647
3.443; -4.19617
3.444; -7.95126
3.445; -6.55651
3.446; -3.61204
3.447; 1.40667
3.448; -3.14713
3.449; -7.52211
3.45; -6.1512
3.451; -0.166893
3.452; -10.3116
3.453; -13.268
3.454; -7.03335
3.455; -3.51667
3.456; -9.35793
3.457; -7.41482
3.458; -4.56572
3.459; -1.5974
3.46; -7.76053
3.461; -7.53403
3.462; -5.66244
3.463; -3.11136
3.464; -6.13928
3.465; -12.5647
3.466; -10.5977
3.467; -1.83582
3.468; -9.08375
3.469; -8.64267
3.47; -4.57764
3.471; -2.08616
3.472; -11.5037
3.473; -10.8242
3.474; -6.12736
3.475; -7.78437
3.476; -12.1474
3.477; -13.8402
3.478; -11.9686
3.479; -5.22137
3.48; -8.21352
3.481; -10.1089
3.482; -2.58684
3.483; -5.50747
3.484; -11.0865
3.485; -13.2799
3.486; -8.79765
3.487; -4.73261
3.488; -12.8031
3.489; -12.9938
3.49; -9.05991
3.491; -10.3951
3.492; -11.2891
3.493; -12.2786
3.494; -4.00543
3.495; -7.31945
3.496; -8.60691
3.497; -10.8957
3.498; -7.87973
3.499; -8.55923
3.5; -12.219
3.501; -14.4959
3.502; -10.407
3.503; -7.22408
3.504; -9.29833
3.505; -12.5766
3.506; -0.298023
3.507; -7.79629
3.508; -18.1079
3.509; -12.517
3.51; -8.2016
3.511; -8.30889
3.512; -14.1978
3.513; -12.9104
3.514; -11.5991
3.515; -8.16584
3.516; -10.1805
3.517; -11.7183
3.518; -5.61476
3.519; -5.42402
3.52; -13.2203
3.521; -14.9012
3.522; -12.9819
3.523; -8.67844
3.524; -17.5715
3.525; -12.4216
3.526; -6.3777
3.527; -4.41074
3.528; -6.4373
3.529; -6.47307
3.53; -1.15633
3.531; -4.12464
3.532; -12.1355
3.533; -9.60827
3.534; -7.7486
3.535; -10.2639
3.536; -15.0204
3.537; -14.1382
3.538; -8.39233
3.539; -8.03471
3.54; -12.4097
3.541; -11.2772
3.542; 3.05176
3.543; -5.29289
3.544; -10.097
3.545; -8.91686
3.546; -4.93527
3.547; -4.81606
3.548; -13.0415
3.549; -6.59227
3.55; -5.34058
3.551; -10.407
3.552; -6.74725
3.553; -5.00679
3.554; -0.941754
3.555; -5.126
3.556; -6.02007
3.557; -9.05991
3.558; -2.24113
3.559; -8.02279
3.56; -12.4216
3.561; -6.27041
3.562; 0.846386
3.563; -4.49419
3.564; -7.29561
3.565; 0.143051
3.566; -0.190735
3.567; -6.6042
3.568; -9.65595
3.569; -6.85454
3.57; -6.0916
3.571; -11.6944
3.572; -14.5316
3.573; -11.2176
3.574; -4.33922
3.575; -8.18968
3.576; -7.80821
3.577; -1.2517
3.578; 3.79086
3.579; -4.41074
3.58; -6.81877
3.581; -5.01871
3.582; -0.345707
3.583; -12.2428
3.584; -10.7884
3.585; -8.6546
3.586; -4.78029
3.587; -9.52482
3.588; -11.6467
3.589; -3.98159
3.59; -5.47171
3.591; -8.4281
3.592; -10.3354
3.593; -5.126
3.594; -2.563
3.595; -12.0521
3.596; -13.7925
3.597; -13.0653
3.598; -4.42267
3.599; -8.49962
3.6; -13.0177
3.601; -0.536442
3.602; -7.9155
3.603; -12.6004
3.604; -12.207
3.605; -8.83341
3.606; -9.60827
3.607; -13.9594
3.608; -14.2574
3.609; -12.0521
3.61; -4.94719
3.611; -7.54595
3.612; -7.28369
3.613; -0.393391
3.614; -2.74181
3.615; -11.8971
3.616; -13.6137
3.617; -8.40426
3.618; -8.03471
3.619; -16.3555
3.62; -18.0125
3.621; -15.4972
3.622; -14.2574
3.623; -15.6045
3.624; -10.9673
3.625; -6.06775
3.626; -6.56843
3.627; -11.003
3.628; -11.4322
3.629; -8.69036
3.63; -7.87973
3.631; -14.0071
3.632; -11.3249
3.633; -7.14064
3.634; -8.4877
3.635; -13.3872
3.636; -11.1461
3.637; -4.41074
3.638; -11.9567
3.639; -18.1913
3.64; -13.1965
3.641; -9.57251
3.642; -12.6481
3.643; -14.9965
3.644; -10.9315
3.645; -7.6294
3.646; -9.29833
3.647; -9.44138
3.648; -7.1764
3.649; -1.5974
3.65; -5.76973
3.651; -11.5991
3.652; -12.8031
3.653; -7.37906
3.654; -12.3143
3.655; -16.8324
3.656; -14.9131
3.657; -7.43866
3.658; -14.3647
3.659; -10.9673
3.66; -6.3777
3.661; -0.202656
3.662; -6.2108
3.663; -10.1328
3.664; -7.86781
3.665; -5.59092
3.666; -8.32081
3.667; -10.55
3.668; -12.2905
3.669; -0.119209
3.67; -9.78708
3.671; -9.84669
3.672; -7.49827
3.673; -3.83854
3.674; -6.79493
3.675; -11.8136
3.676; -7.52211
3.677; -3.48091
3.678; -11.8017
3.679; -13.0534
3.68; -8.46386
3.681; -3.39747
3.682; -5.71013
3.683; -5.31674
3.684; -2.28882
3.685; 1.33514
3.686; -4.50611
3.687; -7.59363
3.688; -3.14713
3.689; -2.82526
3.69; -10.5858
3.691; -14.2455
3.692; -8.34465
3.693; -3.63588
3.694; -7.52211
3.695; -11.8494
3.696; -3.14713
3.697; -4.26769
3.698; -10.7765
3.699; -8.58307
3.7; -8.66652
3.701; -6.31809
3.702; -11.4322
3.703; -14.6508
3.704; -9.97782
3.705; -5.20945
3.706; -7.06911
3.707; -9.15527
3.708; 0.429154
3.709; -2.16961
3.71; -7.70092
3.711; -6.7234
3.712; -5.31674
3.713; -4.17233
3.714; -13.423
3.715; -13.3991
3.716; -6.6638
3.717; -7.16448
3.718; -6.41346
3.719; -8.07047
3.72; -2.11
3.721; -4.62532
3.722; -9.5129
3.723; -10.0255
3.724; -6.13928
3.725; -6.92606
3.726; -10.5262
3.727; -13.7448
3.728; -13.0534
3.729; -10.2043
3.73; -13.8879
3.731; -13.3395
3.732; -4.62532
3.733; -10.6931
3.734; -14.8058
3.735; -12.0759
3.736; -12.5527
3.737; -10.6692
3.738; -16.6893
3.739; -9.03607
3.74; -10.8242
3.741; -9.48906
3.742; -9.38177
3.743; -8.55923
3.744; -3.25441
3.745; -10.0374
3.746; -14.9131
3.747; -13.9475
3.748; -10.0613
3.749; -10.8838
3.75; -20.3729
3.751; -13.9713
3.752; -11.0626
3.753; -14.019
3.754; -11.9448
3.755; -9.44138
3.756; -2.47955
3.757; -4.27961
3.758; -9.65595
3.759; -8.4877
3.76; -6.98567
3.761; -8.29697
3.762; -15.1634
3.763; -10.848
3.764; -3.50475
3.765; -8.23736
3.766; -13.9475
3.767; -8.04663
3.768; -3.49283
3.769; -12.9342
3.77; -12.5885
3.771; -8.7738
3.772; -4.91142
3.773; -11.003
3.774; -14.7462
3.775; -8.33273
3.776; -1.8239
3.777; -10.1209
3.778; -9.26256
3.779; -5.0664
3.78; -1.46627
3.781; -10.252
3.782; -11.6706
3.783; -14.1263
3.784; -5.24521
3.785; -13.423
3.786; -15.8072
3.787; -11.2295
3.788; -5.126
3.789; -9.59635
3.79; -10.097
3.791; -0.822544
3.792; -1.26362
3.793; -8.01087
3.794; -6.47307
3.795; -5.07832
3.796; -3.23057
3.797; -12.3501
3.798; -10.3474
3.799; -12.5408
3.8; -4.95911
3.801; -5.54323
3.802; -9.76324
3.803; -1.75238
3.804; -1.58548
3.805; -5.42402
3.806; -9.52482
3.807; -5.42402
3.808; -0.476837
3.809; -7.51019
3.81; -8.76188
3.811; -8.11815
3.812; -2.12193
3.813; -6.48499
3.814; -7.30753
3.815; -0.989437
3.816; -5.59092
3.817; -8.27313
3.818; -15.6403
3.819; -9.26256
3.82; -8.52347
3.821; -12.5289
3.822; -10.407
3.823; -8.10623
3.824; -1.70469
3.825; -7.66516
3.826; -7.55787
3.827; 2.69413
3.828; -3.02792
3.829; -6.65188
3.83; -9.90629
3.831; -4.62532
3.832; -9.05991
3.833; -15.8906
3.834; -17.9291
3.835; -15.4138
3.836; -10.6335
3.837; -11.4918
3.838; -10.5381
3.839; -3.60012
3.84; -5.37634
3.841; -12.2309
3.842; -9.39369
3.843; -7.1764
3.844; -8.17776
3.845; -11.6825
3.846; -9.01222
3.847; -6.53267
3.848; -4.78029
3.849; -8.16584
3.85; -5.96047
3.851; -5.37634
3.852; -8.04663
3.853; -15.1634
3.854; -13.0892
3.855; -10.8242
3.856; -17.1661
3.857; -18.2629
3.858; -14.4124
3.859; -9.64403
3.86; -10.2639
3.861; -11.1938
3.862; -8.24928
3.863; -2.32458
3.864; -8.95262
3.865; -12.1236
3.866; -9.1672
3.867; -9.97782
3.868; -13.1607
3.869; -15.831
3.87; -14.7462
3.871; -8.28505
3.872; -13.864
3.873; -6.2108
3.874; -8.89301
3.875; -4.78029
3.876; -7.31945
3.877; -11.1341
3.878; -10.097
3.879; -9.60827
3.88; -15.4853
3.881; -17.7264
3.882; -17.2496
3.883; -10.4308
3.884; -15.1515
3.885; -14.6627
3.886; -8.60691
3.887; -6.48499
3.888; -10.848
3.889; -12.6243
3.89; -8.29697
3.891; -8.4281
3.892; -11.1699
3.893; -14.3886
3.894; -12.5885
3.895; -8.46386
3.896; -8.53539
3.897; -8.79765
3.898; -3.02792
3.899; -1.72853
3.9; -12.0997
3.901; -12.1236
3.902; -6.85454
3.903; -6.79493
3.904; -10.2162
3.905; -12.207
3.906; -5.31674
3.907; -1.32322
3.908; -7.65324
3.909; -7.22408
3.91; -2.82526
3.911; -1.26362
3.912; -7.72476
3.913; -8.9407
3.914; -6.04391
3.915; -4.39882
3.916; -13.0773
3.917; -14.9012
3.918; -11.2891
3.919; -6.33001
3.92; -7.55787
3.921; -8.84533
3.922; 0.607967
3.923; -2.20537
3.924; -7.06911
3.925; -5.48363
3.926; -6.59227
3.927; -4.26769
3.928; -9.95398
3.929; -9.54867
3.93; -8.60691
3.931; -8.80957
3.932; -7.02143
3.933; -10.2758
3.934; 0
3.935; -2.75374
3.936; -7.90358
3.937; -8.17776
3.938; -8.80957
3.939; -4.92334
3.94; -11.3487
3.941; -9.57251
3.942; -7.33137
3.943; -3.51667
3.944; -4.45843
3.945; -5.23329
3.946; -3.33786
3.947; -8.09431
3.948; -9.15527
3.949; -11.456
3.95; -8.32081
3.951; -6.28233
3.952; -13.1965
3.953; -9.20296
3.954; -8.01087
3.955; -7.4029
3.956; -7.31945
3.957; -7.73668
3.958; 0.429154
3.959; -6.92606
3.96; -9.4533
3.961; -5.54323
3.962; -9.21488
3.963; -10.1328
3.964; -15.5687
3.965; -13.4945
3.966; -12.2786
3.967; -10.1805
3.968; -12.7435
3.969; -10.3474
3.97; -6.41346
3.971; -10.0732
3.972; -10.8004
3.973; -11.5871
3.974; -6.58035
3.975; -12.9461
3.976; -14.2813
3.977; -9.25064
3.978; -9.97782
3.979; -8.98838
3.98; -8.88109
3.981; -4.74453
3.982; -3.46899
3.983; -10.5619
3.984; -15.3184
3.985; -14.8773
3.986; -6.9499
3.987; -15.4257
3.988; -16.0098
3.989; -13.3753
3.99; -5.32866
3.991; -15.4018
3.992; -11.6229
3.993; -7.54595
3.994; -6.16312
3.995; -10.8004
3.996; -9.66787
3.997; -11.2653
3.998; -6.85454
3.999; -16.2125
4; -14.6866
4.001; -11.8017
4.002; -5.43594
4.003; -13.9117
4.004; -8.95262
4.005; -3.42131
4.006; -8.21352
4.007; -12.1474
4.008; -15.6522
4.009; -10.407
4.01; -4.5538
4.011; -13.3157
4.012; -14.5316
4.013; -10.2878
4.014; -5.94854
4.015; -13.2561
4.016; -11.4083
4.017; -2.63453
4.018; -4.08888
4.019; -5.74589
4.02; -9.5129
4.021; -7.27177
4.022; -11.0269
4.023; -10.7646
4.024; -11.7064
4.025; -13.9952
4.026; -3.016
4.027; -8.74996
4.028; -9.62019
4.029; 0.488758
4.03; -7.36714
4.031; -10.2043
4.032; -10.6573
4.033; -7.30753
4.034; -5.8651
4.035; -10.6096
4.036; -10.848
4.037; -7.12872
4.038; -4.27961
4.039; -6.13928
4.04; -6.86646
4.041; -3.24249
4.042; -1.29938
4.043; -7.45058
4.044; -11.1699
4.045; -6.16312
4.046; -5.78165
4.047; -13.1488
4.048; -8.86917
4.049; -7.89166
4.05; -5.37634
4.051; -6.13928
4.052; -6.48499
4.053; 0.917912
4.054; -4.29153
4.055; -8.24928
4.056; -6.67572
4.057; -6.06775
4.058; -5.87702
4.059; -12.7554
4.06; -12.9223
4.061; -7.82013
4.062; -3.60012
4.063; -7.06911
4.064; -7.72476
4.065; -0.0596047
4.066; -2.74181
4.067; -10.252
4.068; -7.24793
4.069; -7.4625
4.07; -6.71148
4.071; -14.0548
4.072; -11.1938
4.073; -6.84261
4.074; -6.54459
4.075; -7.37906
4.076; -7.60555
4.077; -3.17097
4.078; -7.77245
4.079; -13.1369
4.08; -9.0003
4.081; -7.96318
4.082; -10.5023
4.083; -16.7966
4.084; -14.9131
4.085; -6.48499
4.086; -8.11815
4.087; -9.59635
4.088; -8.78573
4.089; -2.76566
4.09; -8.15392
4.091; -11.4083
4.092; -11.0745
4.093; -9.6798
4.094; -9.6798
4.095; -16.3674
4.096; -15.7118
4.097; -10.5023
4.098; -13.7568
4.099; -13.721
4.1; -8.90493
4.101; -4.91142
4.102; -11.9209
4.103; -14.6031
4.104; -11.3845
4.105; -7.76053
4.106; -15.1038
4.107; -16.8204
4.108; -12.6839
4.109; -6.68764
4.11; -9.799
4.111; -9.33409
4.112; -7.82013
4.113; -3.016
4.114; -11.0388
4.115; -14.4601
4.116; -11.8375
4.117; -9.41753
4.118; -14.8296
4.119; -18.6205
4.12; -14.5078
4.121; -7.66516
4.122; -13.6018
4.123; -10.7646
4.124; -4.0412
4.125; -5.19753
4.126; -9.07183
4.127; -8.95262
4.128; -10.3474
4.129; -5.53131
4.13; -12.1474
4.131; -17.0708
4.132; -13.1845
4.133; -7.9155
4.134; -9.9659
4.135; -9.72748
4.136; -4.76837
4.137; -6.48499
4.138; -11.2295
4.139; -13.411
4.14; -9.09567
4.141; -7.09295
4.142; -13.876
4.143; -12.1713
4.144; -7.73668
4.145; -7.67708
4.146; -9.50098
4.147; -11.3845
4.148; -0.596047
4.149; -4.08888
4.15; -6.98567
4.151; -4.44651
4.152; -7.90358
4.153; -5.50747
4.154; -12.9104
4.155; -15.2111
4.156; -10.252
4.157; -5.68628
4.158; -8.73804
4.159; -9.07183
4.16; 0.0596047
4.161; -2.99215
4.162; -6.69956
4.163; -7.55787
4.164; -5.23329
4.165; -2.32458
4.166; -9.32217
4.167; -5.04255
4.168; -7.59363
4.169; -3.83854
4.17; -8.24928
4.171; -7.18832
4.172; 2.61068
4.173; -1.12057
4.174; -8.57115
4.175; -8.83341
4.176; -5.98431
4.177; -4.22001
4.178; -14.925
4.179; -8.9407
4.18; -7.6294
4.181; -4.1604
4.182; -6.02007
4.183; -8.07047
4.184; -1.52588
4.185; -7.67708
4.186; -8.45194
4.187; -8.88109
4.188; -6.10352
4.189; -8.46386
4.19; -12.1832
4.191; -11.7183
4.192; -5.45979
4.193; -8.05855
4.194; -9.63211
4.195; -7.73668
4.196; -1.69277
4.197; -9.7394
4.198; -9.27448
4.199; -10.3593
4.2; -5.30481
4.201; -12.7673
4.202; -15.8787
4.203; -14.3051
4.204; -10.6692
4.205; -9.65595
4.206; -9.70364
4.207; -8.51154
4.208; -1.72853
4.209; -7.4625
4.21; -10.4904
4.211; -9.35793
4.212; -7.04527
4.213; -12.1593
4.214; -14.6985
4.215; -12.0997
4.216; -7.20024
4.217; -11.1461
4.218; -11.0984
4.219; -5.85318
4.22; -7.80821
4.221; -10.1566
4.222; -14.3766
4.223; -13.5303
4.224; -10.9077
4.225; -13.9833
4.226; -17.345
4.227; -15.8548
4.228; -7.84397
4.229; -9.89437
4.23; -13.2918
4.231; -5.91278
4.232; -5.13792
4.233; -8.96454
4.234; -13.2799
4.235; -8.38041
4.236; -9.63211
4.237; -14.1263
4.238; -15.9621
4.239; -14.019
4.24; -9.4533
4.241; -12.6243
4.242; -12.5051
4.243; -7.71284
4.244; -9.78708
4.245; -11.5156
4.246; -12.362
4.247; -9.07183
4.248; -7.89166
4.249; -11.4203
4.25; -16.427
4.251; -13.3157
4.252; -7.65324
4.253; -11.4679
4.254; -7.65324
4.255; -0.548363
4.256; -2.67029
4.257; -4.78029
4.258; -9.33409
4.259; -10.3593
4.26; -10.1686
4.261; -12.1951
4.262; -12.0282
4.263; -12.97
4.264; -4.70877
4.265; -10.1089
4.266; -9.34601
4.267; -4.62532
4.268; -4.66108
4.269; -10.7288
4.27; -10.4666
4.271; -6.2108
4.272; -5.40018
4.273; -12.7435
4.274; -8.27313
4.275; -7.9155
4.276; -4.75645
4.277; -9.1672
4.278; -6.04391
4.279; -2.47955
4.28; -1.5378
4.281; -10.097
4.282; -8.04663
4.283; -6.81877
4.284; -6.73533
4.285; -8.52347
4.286; -8.74996
4.287; -3.8147
4.288; -4.1008
4.289; -5.4121
4.29; -5.30481
4.291; -0.905991
4.292; -2.55108
4.293; -7.59363
4.294; -5.96047
4.295; -4.95911
4.296; -5.96047
4.297; -13.2442
4.298; -9.35793
4.299; -7.27177
4.3; -9.17912
4.301; -8.60691
4.302; -8.02279
4.303; 1.23978
4.304; -3.69549
4.305; -9.54867
4.306; -7.24793
4.307; -6.65188
4.308; -8.53539
4.309; -12.815
4.31; -10.0613
4.311; -3.85046
4.312; -4.39882
4.313; -4.51803
4.314; -6.28233
4.315; -1.20401
4.316; -6.84261
4.317; -9.84669
4.318; -10.4427
4.319; -6.4373
4.32; -9.38177
4.321; -16.2482
4.322; -14.472
4.323; -4.36306
4.324; -9.25064
4.325; -10.3951
4.326; -6.59227
4.327; -1.16825
4.328; -9.5129
4.329; -9.91821
4.33; -7.85589
4.331; -7.10487
4.332; -11.2534
4.333; -18.096
4.334; -14.3528
4.335; -10.2639
4.336; -9.25064
4.337; -13.6256
4.338; -11.9209
4.339; -3.6478
4.34; -9.98974
4.341; -13.268
4.342; -9.64403
4.343; -7.9751
4.344; -10.7884
4.345; -15.1396
4.346; -11.3964
4.347; -8.41618
4.348; -9.19104
4.349; -11.5156
4.35; -6.69956
4.351; -3.5882
4.352; -9.4533
4.353; -15.4853
4.354; -11.8136
4.355; -10.7169
4.356; -17.345
4.357; -20.8616
4.358; -13.0177
4.359; -10.0732
4.36; -12.7316
4.361; -8.61883
4.362; -1.3113
4.363; -7.90358
4.364; -8.89301
4.365; -9.53674
4.366; -9.44138
4.367; -4.94719
4.368; -12.4455
4.369; -12.815
4.37; -15.8429
4.371; -11.2891
4.372; -13.7687
4.373; -15.0919
4.374; -9.57251
4.375; -11.5156
4.376; -16.439
4.377; -14.6151
4.378; -12.3858
4.379; -8.66652
4.38; -14.7939
4.381; -11.1103
4.382; -9.09567
4.383; -8.54731
4.384; -8.61883
4.385; -8.07047
4.386; -1.41859
4.387; -4.85182
4.388; -4.75645
4.389; -8.2612
4.39; -9.42946
4.391; -8.98838
4.392; -12.8269
4.393; -13.3753
4.394; -10.848
4.395; -5.43594
4.396; -5.75781
4.397; -4.72069
4.398; 5.09024
4.399; -1.12057
4.4; -3.56436
4.401; -3.40939
4.402; -2.70605
4.403; -6.81877
4.404; -10.1089
4.405; -7.33137
4.406; -11.2653
4.407; -9.97782
4.408; -7.84397
4.409; -8.4877
4.41; -2.81334
4.411; -4.29153
4.412; -9.77516
4.413; -9.25064
4.414; -6.35386
4.415; -9.11951
4.416; -11.0745
4.417; -11.0388
4.418; -4.22001
4.419; -5.54323
4.42; -7.76053
4.421; -3.83854
4.422; -5.50747
4.423; -7.7486
4.424; -8.30889
4.425; -7.79629
4.426; -8.27313
4.427; -12.3143
4.428; -12.5408
4.429; -8.63075
4.43; -8.55923
4.431; -6.27041
4.432; -6.50883
4.433; -4.80413
4.434; 1.22786
4.435; -4.97103
4.436; -6.35386
4.437; -2.71797
4.438; -5.42402
4.439; -11.766
4.44; -12.7912
4.441; -13.0296
4.442; -9.26256
4.443; -10.1447
4.444; -8.34465
4.445; -4.72069
4.446; -3.02792
4.447; -4.08888
4.448; -5.80549
4.449; -3.03984
4.45; -8.44002
4.451; -9.76324
4.452; -12.0282
4.453; -10.7765
4.454; -8.79765
4.455; -12.6481
4.456; -10.3354
4.457; -7.7486
4.458; -11.6348
4.459; -14.925
4.46; -13.8402
4.461; -10.1328
4.462; -9.33409
4.463; -14.2217
4.464; -13.2799
4.465; -10.7527
4.466; -7.56979
4.467; -7.92742
4.468; -7.70092
4.469; -8.32081
4.47; -7.67708
4.471; -11.8732
4.472; -12.5885
4.473; -9.21488
4.474; -13.3276
4.475; -15.5568
4.476; -16.1648
4.477; -15.6045
4.478; -14.019
4.479; -14.1144
4.48; -8.55923
4.481; -8.2016
4.482; -7.72476
4.483; -8.88109
4.484; -4.94719
4.485; -5.76973
4.486; -4.51803
4.487; -9.41753
4.488; -11.0269
4.489; -11.8256
4.49; -8.45194
4.491; -11.8613
4.492; -8.7142
4.493; -4.98295
4.494; -6.68764
4.495; -12.362
4.496; -11.2176
4.497; -14.6508
4.498; -11.8375
4.499; 0
4.5; 0
4.501; 0
4.502; 0
4.503; 0
